date,close,ticker,ret_fwd_1d
2018-01-02,237.90914916992188,SPY,0.0063250667955223605
2018-01-03,239.4139404296875,SPY,0.004214915369001648
2018-01-04,240.4230499267578,SPY,0.006663973575123494
2018-01-05,242.0252227783203,SPY,0.0018289094286652041
2018-01-08,242.4678649902344,SPY,0.002263256988161322
2018-01-09,243.01663208007812,SPY,-0.001529604608416557
2018-01-10,242.64491271972656,SPY,0.00729550797363121
2018-01-11,244.4151306152344,SPY,0.006519170008221886
2018-01-12,246.00851440429688,SPY,-0.003418160580667351
2018-01-16,245.16761779785156,SPY,0.00953153002323659
2018-01-17,247.5044403076172,SPY,-0.0016805944544945328
2018-01-18,247.08848571777344,SPY,0.004549628297473962
2018-01-19,248.212646484375,SPY,0.00813076202026397
2018-01-22,250.23080444335935,SPY,0.0021226740986075576
2018-01-23,250.761962890625,SPY,-0.0003887078542839095
2018-01-24,250.66448974609375,SPY,0.00042398293403267395
2018-01-25,250.7707672119141,SPY,0.011577830143187029
2018-01-26,253.6741485595703,SPY,-0.006629617975903335
2018-01-29,251.9923858642578,SPY,-0.010257062050590071
2018-01-30,249.40768432617188,SPY,0.0004968436570482737
2018-01-31,249.53160095214844,SPY,-0.001135672713946545
2018-02-01,249.2482147216797,SPY,-0.02176974937634424
2018-02-02,243.8221435546875,SPY,-0.04182255752629305
2018-02-05,233.6248779296875,SPY,0.01970244611007632
2018-02-06,238.2278594970703,SPY,-0.005424819508418333
2018-02-07,236.93551635742188,SPY,-0.037509033793956426
2018-02-08,228.0482940673828,SPY,0.015021371497385916
2018-02-09,231.4738922119141,SPY,0.014684829596134374
2018-02-12,234.873046875,SPY,0.002487162695937739
2018-02-13,235.45721435546875,SPY,0.013496275401265745
2018-02-14,238.635009765625,SPY,0.012760192603399334
2018-02-15,241.68003845214844,SPY,0.00029301567681216945
2018-02-16,241.7508544921875,SPY,-0.006261477977179575
2018-02-20,240.2371368408203,SPY,-0.004974155213281706
2018-02-21,239.0421600341797,SPY,0.0012960661545255991
2018-02-22,239.3519744873047,SPY,0.015939198928788922
2018-02-23,243.16705322265625,SPY,0.01161249522784491
2018-02-26,245.99082946777344,SPY,-0.012486744983563502
2018-02-27,242.9192047119141,SPY,-0.010129929403686178
2018-02-28,240.4584503173828,SPY,-0.01454048989493717
2018-03-01,236.96206665039065,SPY,0.005154883471802707
2018-03-02,238.18357849121097,SPY,0.011557696004874662
2018-03-05,240.9364318847656,SPY,0.0025350838916506913
2018-03-06,241.54722595214844,SPY,-0.0003664551931931159
2018-03-07,241.45870971679688,SPY,0.004839221958112594
2018-03-08,242.6271820068359,SPY,0.017402315541687585
2018-03-09,246.84945678710935,SPY,-0.0012550126638645187
2018-03-12,246.53965759277344,SPY,-0.006462929923044314
2018-03-13,244.9462890625,SPY,-0.005131441243895307
2018-03-14,243.6893615722656,SPY,-0.0010897016773375734
2018-03-15,243.42381286621097,SPY,0.0010843085978125
2018-03-16,243.6877593994141,SPY,-0.013530097485204173
2018-03-19,240.39064025878903,SPY,0.0017005579640430035
2018-03-20,240.7994384765625,SPY,-0.0019192661164364466
2018-03-21,240.3372802734375,SPY,-0.02499735885492138
2018-03-22,234.32948303222656,SPY,-0.0213145560755712
2018-03-23,229.33485412597656,SPY,0.02735931528589841
2018-03-26,235.6092987060547,SPY,-0.017011906890606276
2018-03-27,231.60113525390625,SPY,-0.002954761733463762
2018-03-28,230.91680908203125,SPY,0.012777595252450258
2018-03-29,233.86737060546875,SPY,-0.02158450999208439
2018-04-02,228.8194580078125,SPY,0.012816893030580756
2018-04-03,231.7522125244141,SPY,0.01069895911361729
2018-04-04,234.23171997070312,SPY,0.00789212936814887
2018-04-05,236.0803070068359,SPY,-0.022285572054218106
2018-04-06,230.81912231445312,SPY,0.0049280880060385
2018-04-09,231.9566192626953,SPY,0.015900329368617294
2018-04-10,235.64480590820312,SPY,-0.005242365936943938
2018-04-11,234.4094696044922,SPY,0.008227240537996394
2018-04-12,236.3380126953125,SPY,-0.0029331159181873456
2018-04-13,235.64480590820312,SPY,0.00822186153170934
2018-04-16,237.58224487304688,SPY,0.010698006896511902
2018-04-17,240.1239013671875,SPY,0.0007407496841789207
2018-04-18,240.30177307128903,SPY,-0.0055477956927352245
2018-04-19,238.9686279296875,SPY,-0.00847938145646443
2018-04-20,236.94232177734375,SPY,-0.00014998468597748893
2018-04-23,236.9067840576172,SPY,-0.013467476297544412
2018-04-24,233.71624755859375,SPY,0.002471725869090058
2018-04-25,234.29393005371097,SPY,0.010166081535885274
2018-04-26,236.67578125,SPY,0.0009385728019937201
2018-04-27,236.89791870117188,SPY,-0.007690651838780815
2018-04-30,235.07601928710935,SPY,0.0017770416116069665
2018-05-01,235.49375915527344,SPY,-0.006717479240855417
2018-05-02,233.91183471679688,SPY,-0.0022037690889926687
2018-05-03,233.39634704589844,SPY,0.012946376415635896
2018-05-04,236.41798400878903,SPY,0.00338339844825275
2018-05-07,237.21788024902344,SPY,0.0
2018-05-08,237.21788024902344,SPY,0.009665701400158433
2018-05-09,239.51075744628903,SPY,0.009350382570671334
2018-05-10,241.75027465820312,SPY,0.0030517543453258966
2018-05-11,242.488037109375,SPY,0.0004762864832046354
2018-05-14,242.60353088378903,SPY,-0.006887110819273623
2018-05-15,240.9326934814453,SPY,0.004205129082035075
2018-05-16,241.9458465576172,SPY,-0.0008449080650848595
2018-05-17,241.74142456054688,SPY,-0.0025000053652247667
2018-05-18,241.13706970214844,SPY,0.007518749890449206
2018-05-21,242.9501190185547,SPY,-0.002779930811364628
2018-05-22,242.2747344970703,SPY,0.002750899263414208
2018-05-23,242.9412078857422,SPY,-0.0020483129776003306
2018-05-24,242.4435882568359,SPY,-0.00238287602014553
2018-05-25,241.86587524414065,SPY,-0.011501097538679561
2018-05-29,239.0841522216797,SPY,0.01334501783469233
2018-05-30,242.2747344970703,SPY,-0.0061262585798701474
2018-05-31,240.79049682617188,SPY,0.009817910089486848
2018-06-01,243.1545562744141,SPY,0.004751315265399736
2018-06-04,244.3098602294922,SPY,0.0007277455358913887
2018-06-05,244.48765563964844,SPY,0.008360491084454136
2018-06-06,246.5316925048828,SPY,-0.00010806661582707378
2018-06-07,246.5050506591797,SPY,0.002956244693965493
2018-06-08,247.23377990722656,SPY,0.0013298390214033784
2018-06-11,247.56256103515625,SPY,0.0012925088725155298
2018-06-12,247.88253784179688,SPY,-0.0031912136670272373
2018-06-13,247.09149169921875,SPY,0.002518003026914517
2018-06-14,247.7136688232422,SPY,-0.0012757048207535648
2018-06-15,247.3976593017578,SPY,-0.0020568721542536528
2018-06-18,246.8887939453125,SPY,-0.003832793658186673
2018-06-19,245.94252014160156,SPY,0.0017058473867466173
2018-06-20,246.362060546875,SPY,-0.006268710998623472
2018-06-21,244.81768798828125,SPY,0.0018234431363222114
2018-06-22,245.26409912109375,SPY,-0.013613043676262926
2018-06-25,241.92530822753903,SPY,0.0022139643743603887
2018-06-26,242.46092224121097,SPY,-0.008283931466233518
2018-06-27,240.452392578125,SPY,0.00571749926134113
2018-06-28,241.82717895507812,SPY,0.0014397049642784765
2018-06-29,242.1753387451172,SPY,0.0021375191281971517
2018-07-02,242.6929931640625,SPY,-0.003531125307510874
2018-07-03,241.8360137939453,SPY,0.00815807215171449
2018-07-05,243.80892944335935,SPY,0.008458366748523849
2018-07-06,245.87115478515625,SPY,0.009004176148416088
2018-07-09,248.08502197265625,SPY,0.003598671464157377
2018-07-10,248.9777984619141,SPY,-0.007314759708718865
2018-07-11,247.15658569335935,SPY,0.009066251199093323
2018-07-12,249.3973693847656,SPY,0.0007872370079586855
2018-07-13,249.5937042236328,SPY,-0.0008942144927551743
2018-07-16,249.3705139160156,SPY,0.004045586953379976
2018-07-17,250.37936401367188,SPY,0.0021034365454473125
2018-07-18,250.9060211181641,SPY,-0.0037713056144125234
2018-07-19,249.95977783203125,SPY,-0.0011431282523237662
2018-07-20,249.67404174804688,SPY,0.001859296771095309
2018-07-23,250.1382598876953,SPY,0.005032434150034737
2018-07-24,251.3970642089844,SPY,0.008522199976474187
2018-07-25,253.53952026367188,SPY,-0.0023592368929979957
2018-07-26,252.9413604736328,SPY,-0.0067762919966591895
2018-07-27,251.22735595703125,SPY,-0.0052230759681047845
2018-07-30,249.91517639160156,SPY,0.004929162671831744
2018-07-31,251.1470489501953,SPY,-0.0016701325151634583
2018-08-01,250.72760009765625,SPY,0.005447159280813851
2018-08-02,252.0933532714844,SPY,0.0042851029496058235
2018-08-03,253.1735992431641,SPY,0.0036667704316268868
2018-08-06,254.1019287109375,SPY,0.003302382827081063
2018-08-07,254.94107055664065,SPY,-0.0004201625849648005
2018-08-08,254.83395385742188,SPY,-0.0013660425088669603
2018-08-09,254.48583984375,SPY,-0.006700270248490514
2018-08-10,252.7807159423828,SPY,-0.0037431554311337933
2018-08-13,251.8345184326172,SPY,0.006380729009604735
2018-08-14,253.44140625,SPY,-0.0074677582805443565
2018-08-15,251.54876708984375,SPY,0.008091231688453382
2018-08-16,253.5841064453125,SPY,0.0035203919780915083
2018-08-17,254.4768218994141,SPY,0.002140382492635151
2018-08-20,255.02149963378903,SPY,0.0023451679100137124
2018-08-21,255.61956787109375,SPY,-0.0005940085542962548
2018-08-22,255.4677276611328,SPY,-0.0013275330266098173
2018-08-23,255.1285858154297,SPY,0.006018203113173914
2018-08-24,256.66400146484375,SPY,0.00789561357971813
2018-08-27,258.6905212402344,SPY,0.000482848952743975
2018-08-28,258.8154296875,SPY,0.005380583865040256
2018-08-29,260.2080078125,SPY,-0.004047969998461243
2018-08-30,259.1546936035156,SPY,3.426762259595151e-05
2018-08-31,259.16357421875,SPY,-0.0017219184689326594
2018-09-04,258.7173156738281,SPY,-0.00269143013587847
2018-09-05,258.02099609375,SPY,-0.0030101130335883353
2018-09-06,257.24432373046875,SPY,-0.0019436774843043514
2018-09-07,256.74432373046875,SPY,0.001738619217548809
2018-09-10,257.1907043457031,SPY,0.0032974889129500085
2018-09-11,258.0387878417969,SPY,0.00024197511298962304
2018-09-12,258.1012268066406,SPY,0.005914895735256609
2018-09-13,259.62786865234375,SPY,0.00017184865188135667
2018-09-14,259.6724853515625,SPY,-0.005294426526052387
2018-09-17,258.29766845703125,SPY,0.005426105087750432
2018-09-18,259.69921875,SPY,0.0010659444895688708
2018-09-19,259.9760437011719,SPY,0.008103163614529896
2018-09-20,262.0826721191406,SPY,-0.0009134919086973836
2018-09-21,261.84326171875,SPY,-0.003322113546726846
2018-09-24,260.973388671875,SPY,-0.0009273144505761444
2018-09-25,260.73138427734375,SPY,-0.002992165171637473
2018-09-26,259.95123291015625,SPY,0.0027939388233173545
2018-09-27,260.6775207519531,SPY,0.00010337301584972813
2018-09-28,260.7044677734375,SPY,0.003474285371807051
2018-10-01,261.6102294921875,SPY,-0.0005827976245746935
2018-10-02,261.457763671875,SPY,0.0005487048185177645
2018-10-03,261.6012268066406,SPY,-0.007815426446740492
2018-10-04,259.55670166015625,SPY,-0.005597194360031588
2018-10-05,258.1039123535156,SPY,0.0
2018-10-08,258.1039123535156,SPY,-0.0014592880277726206
2018-10-09,257.7272644042969,SPY,-0.031663285458840784
2018-10-10,249.5667724609375,SPY,-0.02202645111083612
2018-10-11,244.0697021484375,SPY,0.013888409582983874
2018-10-12,247.45944213867188,SPY,-0.005617202945311761
2018-10-15,246.0694122314453,SPY,0.02186587773282378
2018-10-16,251.4499359130859,SPY,0.00017840863502649462
2018-10-17,251.4947967529297,SPY,-0.01444124100994526
2018-10-18,247.86289978027344,SPY,-0.0005424791259117656
2018-10-19,247.7284393310547,SPY,-0.004488168281487792
2018-10-22,246.61659240722656,SPY,-0.005091365597581721
2018-10-23,245.36097717285156,SPY,-0.03029836423273491
2018-10-24,237.92694091796875,SPY,0.017940354446096096
2018-10-25,242.1954345703125,SPY,-0.017587440431639068
2018-10-26,237.9358367919922,SPY,-0.005540113444418626
2018-10-29,236.61764526367188,SPY,0.014818364949860552
2018-10-30,240.1239318847656,SPY,0.010680913900839473
2018-10-31,242.6886749267578,SPY,0.010641977334579389
2018-11-01,245.2713623046875,SPY,-0.005923129525602255
2018-11-02,243.8185882568359,SPY,0.005516902138727575
2018-11-05,245.16371154785156,SPY,0.006328168912660859
2018-11-06,246.71514892578125,SPY,0.02140843025089678
2018-11-07,251.99693298339844,SPY,-0.001814606968471022
2018-11-08,251.53965759277344,SPY,-0.009768392328423192
2018-11-09,249.08251953125,SPY,-0.018685150189856836
2018-11-12,244.42837524414065,SPY,-0.0018715441512747732
2018-11-13,243.97091674804688,SPY,-0.00683612696275504
2018-11-14,242.3031005859375,SPY,0.010436739620755642
2018-11-15,244.8319549560547,SPY,0.0026007604591173905
2018-11-16,245.4687042236328,SPY,-0.01691492348777468
2018-11-19,241.31661987304688,SPY,-0.01850612516302641
2018-11-20,236.8507843017578,SPY,0.0034076883040110584
2018-11-21,237.65789794921875,SPY,-0.0066786524275724846
2018-11-23,236.07066345214844,SPY,0.01614452521784604
2018-11-26,239.8819122314453,SPY,0.0033641837703830557
2018-11-27,240.6889190673828,SPY,0.023025412600612416
2018-11-28,246.2308807373047,SPY,-0.0021851662890972623
2018-11-29,245.6928253173828,SPY,0.00609506124343806
2018-11-30,247.1903381347656,SPY,0.013241529281785569
2018-12-03,250.46351623535156,SPY,-0.032402204482082975
2018-12-04,242.3479461669922,SPY,-0.0015172030374283052
2018-12-06,241.98025512695312,SPY,-0.023236176521516883
2018-12-07,236.35755920410156,SPY,0.0018972972697290924
2018-12-10,236.80599975585935,SPY,0.0002271362697769952
2018-12-11,236.8597869873047,SPY,0.005035417803297859
2018-12-12,238.0524749755859,SPY,-0.00033914477443652835
2018-12-13,237.97174072265625,SPY,-0.018464750191655277
2018-12-14,233.57765197753903,SPY,-0.019618500308177134
2018-12-17,228.9952087402344,SPY,-0.001096190353711557
2018-12-18,228.7441864013672,SPY,-0.014975739743214866
2018-12-19,225.31857299804688,SPY,-0.01627822152310132
2018-12-20,221.6507873535156,SPY,-0.020489455329597672
2018-12-21,217.1092834472656,SPY,-0.026423142776941466
2018-12-24,211.37257385253903,SPY,0.050525056356200526
2018-12-26,222.05218505859375,SPY,0.007677558881648006
2018-12-27,223.7570037841797,SPY,-0.0012900177773818022
2018-12-28,223.4683532714844,SPY,0.008758761048483832
2018-12-31,225.4256591796875,SPY,0.0010404443200173752
2019-01-02,225.6602020263672,SPY,-0.023862815183881225
2019-01-03,220.2753143310547,SPY,0.033495583218106084
2019-01-04,227.653564453125,SPY,0.007884645494917297
2019-01-07,229.4485321044922,SPY,0.009395337770037315
2019-01-08,231.60427856445312,SPY,0.004673543711867678
2019-01-09,232.6866912841797,SPY,0.0035276246110080844
2019-01-10,233.5075225830078,SPY,0.00038619502430514707
2019-01-11,233.5977020263672,SPY,-0.006100962835142276
2019-01-14,232.1725311279297,SPY,0.01146075894576759
2019-01-15,234.8334045410156,SPY,0.0024198764369844916
2019-01-16,235.40167236328125,SPY,0.007587012723691444
2019-01-17,237.1876678466797,SPY,0.013309868401541358
2019-01-18,240.3446044921875,SPY,-0.013510632570522874
2019-01-22,237.0973968505859,SPY,0.002092555772258642
2019-01-23,237.59353637695312,SPY,0.0005314390341488728
2019-01-24,237.7198028564453,SPY,0.008461471557759115
2019-01-25,239.73126220703125,SPY,-0.007600393812550066
2019-01-28,237.90921020507812,SPY,-0.0013268667818824298
2019-01-29,237.59353637695312,SPY,0.015830653660378724
2019-01-30,241.35479736328125,SPY,0.008782464506871701
2019-01-31,243.4744873046875,SPY,0.0004814386052343078
2019-02-01,243.5917053222656,SPY,0.007035881800743882
2019-02-04,245.3055877685547,SPY,0.004191748287095232
2019-02-05,246.33384704589844,SPY,-0.0013182822934098004
2019-02-06,246.0091094970703,SPY,-0.00953297863544722
2019-02-07,243.66390991210935,SPY,0.0012213849067037597
2019-02-08,243.9615173339844,SPY,0.0005547194560608926
2019-02-11,244.0968475341797,SPY,0.012859555879113582
2019-02-12,247.23582458496097,SPY,0.0032467750883531377
2019-02-13,248.03854370117188,SPY,-0.0022181478290301815
2019-02-14,247.4883575439453,SPY,0.010897322508352403
2019-02-15,250.1853179931641,SPY,0.001730284771206847
2019-02-19,250.6182098388672,SPY,0.0020160717074446666
2019-02-20,251.12347412109375,SPY,-0.0035564663388916173
2019-02-21,250.23036193847656,SPY,0.006199914544075202
2019-02-22,251.78176879882812,SPY,0.0013613910138738916
2019-02-25,252.12454223632812,SPY,-0.0007152958071040549
2019-02-26,251.94419860839844,SPY,-0.0004295210313591813
2019-02-27,251.8359832763672,SPY,-0.0018627846776871904
2019-02-28,251.3668670654297,SPY,0.006244180454046955
2019-03-01,252.9364471435547,SPY,-0.003637993989422106
2019-03-04,252.01626586914065,SPY,-0.0013598820741266282
2019-03-05,251.67355346679688,SPY,-0.006057169298442688
2019-03-06,250.1491241455078,SPY,-0.008364700426192306
2019-03-07,248.05670166015625,SPY,-0.0020003513640330928
2019-03-08,247.5605010986328,SPY,0.014501367562195222
2019-03-11,251.1504669189453,SPY,0.003770612009662333
2019-03-12,252.0974578857422,SPY,0.006619391180887835
2019-03-13,253.7661895751953,SPY,-0.0006397158624942278
2019-03-14,253.60385131835935,SPY,0.004940499448200963
2019-03-15,254.85678100585935,SPY,0.003625909111646619
2019-03-18,255.78086853027344,SPY,0.00024804843804937526
2019-03-19,255.8443145751953,SPY,-0.0030098384250074606
2019-03-20,255.0742645263672,SPY,0.011294617243621019
2019-03-21,257.9552307128906,SPY,-0.019246624471750295
2019-03-22,252.9904632568359,SPY,-0.0007519308071666231
2019-03-25,252.80023193359375,SPY,0.007454285844661346
2019-03-26,254.68467712402344,SPY,-0.005229160719105508
2019-03-27,253.35289001464844,SPY,0.0037902917626666532
2019-03-28,254.31317138671875,SPY,0.006305639495548743
2019-03-29,255.91677856445312,SPY,0.011859099836976084
2019-04-01,258.95172119140625,SPY,0.0004901400416954527
2019-04-02,259.0786437988281,SPY,0.0015732395671872457
2019-04-03,259.4862365722656,SPY,0.0026537000262853994
2019-04-04,260.1748352050781,SPY,0.00484023699038949
2019-04-05,261.43414306640625,SPY,0.0007621394254060387
2019-04-08,261.6333923339844,SPY,-0.005124922388983433
2019-04-09,260.29254150390625,SPY,0.0034111962272016516
2019-04-10,261.1804504394531,SPY,-0.0002776232505266041
2019-04-11,261.1079406738281,SPY,0.006765907139855809
2019-04-12,262.87457275390625,SPY,-0.0006547576618836093
2019-04-15,262.70245361328125,SPY,0.0006551866503627934
2019-04-16,262.87457275390625,SPY,-0.0024468665318299054
2019-04-17,262.2313537597656,SPY,0.0019692074652759572
2019-04-18,262.74774169921875,SPY,0.0008619329924626218
2019-04-22,262.9742126464844,SPY,0.00899149938279975
2019-04-23,265.3387451171875,SPY,-0.002219188417665219
2019-04-24,264.7499084472656,SPY,-0.0006159999769460578
2019-04-25,264.5868225097656,SPY,0.004656988290977715
2019-04-26,265.8190002441406,SPY,0.0015676739770826842
2019-04-29,266.2357177734375,SPY,0.0005103156666910191
2019-04-30,266.37158203125,SPY,-0.007516213620174184
2019-05-01,264.3694763183594,SPY,-0.0021593333101692647
2019-05-02,263.7986145019531,SPY,0.009787772150724239
2019-05-03,266.380615234375,SPY,-0.004115017482437366
2019-05-06,265.2844543457031,SPY,-0.016699718768582117
2019-05-07,260.8542785644531,SPY,-0.0013890330151843377
2019-05-08,260.491943359375,SPY,-0.0030257269383069385
2019-05-09,259.7037658691406,SPY,0.005023282682565577
2019-05-10,261.0083312988281,SPY,-0.025130306483749476
2019-05-13,254.44911193847656,SPY,0.009043465182644095
2019-05-14,256.7502136230469,SPY,0.005857468349405037
2019-05-15,258.2541198730469,SPY,0.009261479300785691
2019-05-16,260.64593505859375,SPY,-0.006465050417722051
2019-05-17,258.9608459472656,SPY,-0.006612356019807142
2019-05-20,257.2485046386719,SPY,0.009015935547449283
2019-05-21,259.5678405761719,SPY,-0.0030718877942662592
2019-05-22,258.7704772949219,SPY,-0.012217917536766487
2019-05-23,255.6088409423828,SPY,0.002268024731516327
2019-05-24,256.1885681152344,SPY,-0.009300533771732344
2019-05-28,253.80587768554688,SPY,-0.006710525350706598
2019-05-29,252.1027069091797,SPY,0.002731057863357922
2019-05-30,252.7912139892578,SPY,-0.013475463913792063
2019-05-31,249.38473510742188,SPY,-0.002542634528164278
2019-06-03,248.75064086914065,SPY,0.021706621996817166
2019-06-04,254.15017700195312,SPY,0.00866199095028053
2019-06-05,256.35162353515625,SPY,0.0065026374591821146
2019-06-06,258.0185852050781,SPY,0.010007270466683149
2019-06-07,260.60064697265625,SPY,0.0045888674118745865
2019-06-10,261.7965087890625,SPY,-0.00024211556547792945
2019-06-11,261.7331237792969,SPY,-0.001765178241726728
2019-06-12,261.2711181640625,SPY,0.004126110282839157
2019-06-13,262.3491516113281,SPY,-0.0011047317579380156
2019-06-14,262.059326171875,SPY,0.0003799859324853383
2019-06-17,262.1589050292969,SPY,0.010470846429797565
2019-06-18,264.9039306640625,SPY,0.0022571613290305326
2019-06-19,265.5018615722656,SPY,0.009554521196349697
2019-06-20,268.0386047363281,SPY,-0.0014531334021550268
2019-06-21,267.64910888671875,SPY,-0.0012251540022572005
2019-06-24,267.3211975097656,SPY,-0.009807889212965826
2019-06-25,264.6993408203125,SPY,-0.0009976171557407598
2019-06-26,264.4352722167969,SPY,0.0035463296947553236
2019-06-27,265.373046875,SPY,0.005145735661031381
2019-06-28,266.73858642578125,SPY,0.009078438394186206
2019-07-01,269.16015625,SPY,0.0026043556345693997
2019-07-02,269.86114501953125,SPY,0.007995083010943427
2019-07-03,272.0187072753906,SPY,-0.001137823499140489
2019-07-05,271.7091979980469,SPY,-0.005494775178873312
2019-07-08,270.2162170410156,SPY,0.0012463796432187202
2019-07-09,270.5530090332031,SPY,0.004777969745803912
2019-07-10,271.845703125,SPY,0.0023443393684663416
2019-07-11,272.4830017089844,SPY,0.004477123996343035
2019-07-12,273.70294189453125,SPY,0.00033248973262334225
2019-07-15,273.7939453125,SPY,-0.003225482852709849
2019-07-16,272.91082763671875,SPY,-0.006804624353470068
2019-07-17,271.05377197265625,SPY,0.0036609325267482618
2019-07-18,272.04608154296875,SPY,-0.005555053247518704
2019-07-19,270.53485107421875,SPY,0.0024566587771122084
2019-07-22,271.199462890625,SPY,0.00714970207042831
2019-07-23,273.1384582519531,SPY,0.004699670990629068
2019-07-24,274.422119140625,SPY,-0.004776994981464111
2019-07-25,273.1112060546875,SPY,0.006699735890193903
2019-07-26,274.94097900390625,SPY,-0.0018210140537531228
2019-07-29,274.4403076171875,SPY,-0.002454836392426829
2019-07-30,273.7666015625,SPY,-0.010940292398078033
2019-07-31,270.7715148925781,SPY,-0.008708004753038012
2019-08-01,268.41363525390625,SPY,-0.007529295500432132
2019-08-02,266.3926696777344,SPY,-0.030073243057317733
2019-08-05,258.3813781738281,SPY,0.014022798415570081
2019-08-06,262.0046081542969,SPY,0.0005908891256483084
2019-08-07,262.159423828125,SPY,0.01961994961841307
2019-08-08,267.302978515625,SPY,-0.006811406437093659
2019-08-09,265.4822692871094,SPY,-0.012173131173540797
2019-08-12,262.2505187988281,SPY,0.015551191754160865
2019-08-13,266.3288269042969,SPY,-0.02956722095394526
2019-08-14,258.4542236328125,SPY,0.0026417435389278765
2019-08-15,259.1369934082031,SPY,0.014754809012081704
2019-08-16,262.96051025390625,SPY,0.01204778168879228
2019-08-19,266.12860107421875,SPY,-0.007662173576704623
2019-08-20,264.0894775390625,SPY,0.008135379105592477
2019-08-21,266.2379455566406,SPY,-0.0003078832909124696
2019-08-22,266.1559753417969,SPY,-0.025687851226620873
2019-08-23,259.3190002441406,SPY,0.011058486954485192
2019-08-26,262.1866760253906,SPY,-0.003923605335749425
2019-08-27,261.157958984375,SPY,0.007042024748925568
2019-08-28,262.9970397949219,SPY,0.012772736518824157
2019-08-29,266.3562316894531,SPY,-0.0004440899770290496
2019-08-30,266.2379455566406,SPY,-0.005847375398107646
2019-09-03,264.68115234375,SPY,0.0113500729614604
2019-09-04,267.685302734375,SPY,0.012855708343099792
2019-09-05,271.1265869140625,SPY,0.0007720381491975736
2019-09-06,271.3359069824219,SPY,0.0005036477345130574
2019-09-09,271.4725646972656,SPY,-0.00023517210112444786
2019-09-10,271.4087219238281,SPY,0.007111019358924331
2019-09-11,273.3387145996094,SPY,0.0034641979474057116
2019-09-12,274.2856140136719,SPY,-0.0006642344042046
2019-09-13,274.1034240722656,SPY,-0.0030884605694101452
2019-09-16,273.2568664550781,SPY,0.0025320298085309556
2019-09-17,273.9487609863281,SPY,0.000597989050161063
2019-09-18,274.1125793457031,SPY,-6.646537048426993e-05
2019-09-19,274.0943603515625,SPY,-0.00472481062233987
2019-09-20,272.79931640625,SPY,-0.00023447582124713762
2019-09-23,272.7353515625,SPY,-0.007847047418191755
2019-09-24,270.5951843261719,SPY,0.005914380316917045
2019-09-25,272.1955871582031,SPY,-0.002082897714564047
2019-09-26,271.6286315917969,SPY,-0.005387088043482313
2019-09-27,270.16534423828125,SPY,0.004637866215553954
2019-09-30,271.4183349609375,SPY,-0.011894979848965037
2019-10-01,268.1898193359375,SPY,-0.017664567906123363
2019-10-02,263.4523620605469,SPY,0.00819316359093869
2019-10-03,265.6108703613281,SPY,0.013531625131254055
2019-10-04,269.20501708984375,SPY,-0.004314325196597801
2019-10-07,268.0435791015625,SPY,-0.01552488759288706
2019-10-08,263.8822326660156,SPY,0.00949612768424446
2019-10-09,266.3880920410156,SPY,0.006763542923849952
2019-10-10,268.1898193359375,SPY,0.01036715337337868
2019-10-11,270.9701843261719,SPY,-0.0011136199846133454
2019-10-14,270.6684265136719,SPY,0.00990025890539048
2019-10-15,273.3481140136719,SPY,-0.0016058821014146574
2019-10-16,272.9091491699219,SPY,0.002949001793308925
2019-10-17,273.7139587402344,SPY,-0.004377159298428079
2019-10-18,272.515869140625,SPY,0.0067793231651325225
2019-10-21,274.36334228515625,SPY,-0.0032670629291134956
2019-10-22,273.46697998046875,SPY,0.0029095077472673925
2019-10-23,274.26263427734375,SPY,0.0016342425613422584
2019-10-24,274.7108459472656,SPY,0.00409499290413784
2019-10-25,275.8357849121094,SPY,0.005636721757504848
2019-10-28,277.3905944824219,SPY,-0.000297264931594432
2019-10-29,277.3081359863281,SPY,0.003067515381871777
2019-10-30,278.1587829589844,SPY,-0.0026631684375592046
2019-10-31,277.4179992675781,SPY,0.009263805145475423
2019-11-01,279.9879455566406,SPY,0.004017703137287665
2019-11-04,281.11285400390625,SPY,-0.001106333752591615
2019-11-05,280.8018493652344,SPY,0.00022811956769230868
2019-11-06,280.86590576171875,SPY,0.0035167384624879006
2019-11-07,281.8536376953125,SPY,0.002466277888819368
2019-11-08,282.54876708984375,SPY,-0.0019099086488414407
2019-11-11,282.0091247558594,SPY,0.0021077008400178787
2019-11-12,282.603515625,SPY,0.0003238537800722696
2019-11-13,282.6950378417969,SPY,0.0014558446506021117
2019-11-14,283.1065979003906,SPY,0.007236302632028568
2019-11-15,285.1552429199219,SPY,0.000737481200436596
2019-11-18,285.36553955078125,SPY,-0.00028820884671754143
2019-11-19,285.2832946777344,SPY,-0.003718912475103364
2019-11-20,284.22235107421875,SPY,-0.0016088649921328635
2019-11-21,283.76507568359375,SPY,0.0022240351956797078
2019-11-22,284.39617919921875,SPY,0.00775000230709133
2019-11-25,286.6002502441406,SPY,0.0022658163918862773
2019-11-26,287.2496337890625,SPY,0.0044573250567643274
2019-11-27,288.5299987792969,SPY,-0.0037083728248966663
2019-11-29,287.46002197265625,SPY,-0.008494621258688051
2019-12-02,285.0181579589844,SPY,-0.00670680097114662
2019-12-03,283.1065979003906,SPY,0.006169990913929002
2019-12-04,284.8533630371094,SPY,0.0017980356918065876
2019-12-05,285.36553955078125,SPY,0.009134455896988358
2019-12-06,287.9721984863281,SPY,-0.0031442498537292973
2019-12-09,287.0667419433594,SPY,-0.0011151740963236678
2019-12-10,286.7466125488281,SPY,0.002838833462305068
2019-12-11,287.5606384277344,SPY,0.00861857537478028
2019-12-12,290.03900146484375,SPY,0.0005991162876928247
2019-12-13,290.2127685546875,SPY,0.006870359208268839
2019-12-16,292.2066345214844,SPY,0.00021911165367982655
2019-12-17,292.2706604003906,SPY,6.275369696018274e-05
2019-12-18,292.28900146484375,SPY,0.004098572041004278
2019-12-19,293.4869689941406,SPY,0.004384536061784905
2019-12-20,294.7737731933594,SPY,0.0015274640711027132
2019-12-23,295.2240295410156,SPY,3.111464547744802e-05
2019-12-24,295.23321533203125,SPY,0.005323539864063198
2019-12-26,296.8049011230469,SPY,-0.000247796997296712
2019-12-27,296.7313537597656,SPY,-0.005513461334549885
2019-12-30,295.0953369140625,SPY,0.002429448573500359
2019-12-31,295.812255859375,SPY,0.009352043128072696
2020-01-02,298.5787048339844,SPY,-0.007572292519072543
2020-01-03,296.3177795410156,SPY,0.003814828840439821
2020-01-06,297.44818115234375,SPY,-0.0028114920391161258
2020-01-07,296.6119079589844,SPY,0.00532935283210989
2020-01-08,298.1926574707031,SPY,0.0067806570283190926
2020-01-09,300.214599609375,SPY,-0.0028777835516423655
2020-01-10,299.35064697265625,SPY,0.006877475884182083
2020-01-13,301.409423828125,SPY,-0.0015244137041714456
2020-01-14,300.949951171875,SPY,0.0022595889805312463
2020-01-15,301.6299743652344,SPY,0.008318451253266579
2020-01-16,304.1390686035156,SPY,0.0031125737241983753
2020-01-17,305.0857238769531,SPY,-0.0019582778878046714
2020-01-21,304.48828125,SPY,0.00012077207533134349
2020-01-22,304.5250549316406,SPY,0.0011468454184857535
2020-01-23,304.8742980957031,SPY,-0.008892985380257179
2020-01-24,302.1630554199219,SPY,-0.01602934327979244
2020-01-27,297.319580078125,SPY,0.010478962014943027
2020-01-28,300.4351806640625,SPY,-0.0008260315744779145
2020-01-29,300.18701171875,SPY,0.003245454087051902
2020-01-30,301.1612548828125,SPY,-0.018158065722972516
2020-01-31,295.6927490234375,SPY,0.007428740688143476
2020-02-03,297.8893737792969,SPY,0.015240995533456259
2020-02-04,302.42950439453125,SPY,0.011548020637718759
2020-02-05,305.9219665527344,SPY,0.003365171818386914
2020-02-06,306.9514465332031,SPY,-0.005329987467917907
2020-02-07,305.3153991699219,SPY,0.007465584495093491
2020-02-10,307.5947570800781,SPY,0.0017330628771046186
2020-02-11,308.1278381347656,SPY,0.0064427770844290855
2020-02-12,310.113037109375,SPY,-0.0010669386399081437
2020-02-13,309.78216552734375,SPY,0.001602314346786704
2020-02-14,310.2785339355469,SPY,-0.0025773056454934107
2020-02-18,309.4788513183594,SPY,0.004780888044308762
2020-02-19,310.95843505859375,SPY,-0.0041078617704563
2020-02-20,309.6810607910156,SPY,-0.010298366248904012
2020-02-21,306.4918518066406,SPY,-0.03316517518202755
2020-02-24,296.3269958496094,SPY,-0.03030223450091829
2020-02-25,287.3476257324219,SPY,-0.0036782827005693575
2020-02-26,286.2906799316406,SPY,-0.044911654438096416
2020-02-27,273.4328918457031,SPY,-0.004201521699751853
2020-02-28,272.2840576171875,SPY,0.043306452082915836
2020-03-02,284.0757141113281,SPY,-0.028632361518008187
2020-03-03,275.94195556640625,SPY,0.042032982285243214
2020-03-04,287.5406188964844,SPY,-0.0332417369276653
2020-03-05,277.9822692871094,SPY,-0.016531372589273174
2020-03-06,273.3868408203125,SPY,-0.07809443490646717
2020-03-09,252.0368499755859,SPY,0.05174546224858556
2020-03-10,265.07861328125,SPY,-0.048748712885512635
2020-03-11,252.1563720703125,SPY,-0.09567717901983142
2020-03-12,228.03076171875,SPY,0.0854860714079233
2020-03-13,247.5242156982422,SPY,-0.10942360277225371
2020-03-16,220.4392242431641,SPY,0.05399217330180117
2020-03-17,232.3412170410156,SPY,-0.05063305188499623
2020-03-18,220.5770721435547,SPY,0.002125176720470634
2020-03-19,221.04583740234375,SPY,-0.043094379165096064
2020-03-20,211.52000427246097,SPY,-0.025568137756160514
2020-03-23,206.11183166503903,SPY,0.09060327982205774
2020-03-24,224.78623962402344,SPY,0.014970141378483737
2020-03-25,228.1513214111328,SPY,0.05838976065274992
2020-03-26,241.4730224609375,SPY,-0.029785577108273675
2020-03-27,234.28060913085935,SPY,0.032475513901627506
2020-03-30,241.8889923095703,SPY,-0.01490527923246121
2020-03-31,238.2835693359375,SPY,-0.04500481296544745
2020-04-01,227.5596618652344,SPY,0.023075432414581654
2020-04-02,232.81069946289065,SPY,-0.014454219903389132
2020-04-03,229.4456024169922,SPY,0.06716629379620742
2020-04-06,244.8566131591797,SPY,0.0010192608265147118
2020-04-07,245.1061859130859,SPY,0.033568426471332735
2020-04-08,253.33401489257812,SPY,0.015217589545862387
2020-04-09,257.18914794921875,SPY,-0.009130207578123883
2020-04-13,254.84095764160156,SPY,0.029492810032202943
2020-04-14,262.35693359375,SPY,-0.021247978343851837
2020-04-15,256.7823791503906,SPY,0.004824318759437229
2020-04-16,258.02117919921875,SPY,0.027015301771601052
2020-04-17,264.99169921875,SPY,-0.017618061812814778
2020-04-20,260.32305908203125,SPY,-0.0303632383796707
2020-04-21,252.41880798339844,SPY,0.02219474555235501
2020-04-22,258.02117919921875,SPY,-7.16749392477567e-05
2020-04-23,258.002685546875,SPY,0.013938581292777474
2020-04-24,261.598876953125,SPY,0.014418450988279208
2020-04-27,265.3707275390625,SPY,-0.004598611630526883
2020-04-28,264.150390625,SPY,0.02617864800916858
2020-04-29,271.06549072265625,SPY,-0.009310791358158932
2020-04-30,268.5416564941406,SPY,-0.026473557296473382
2020-05-01,261.4324035644531,SPY,0.0027583817509291286
2020-05-04,262.1535339355469,SPY,0.00923931523738486
2020-05-05,264.5756530761719,SPY,-0.006778617043548096
2020-05-06,262.7821960449219,SPY,0.0120669894610832
2020-05-07,265.95318603515625,SPY,0.01654619281278613
2020-05-08,270.35369873046875,SPY,0.0002048775532088598
2020-05-11,270.4090881347656,SPY,-0.019931461899734382
2020-05-12,265.0194396972656,SPY,-0.01768623022361293
2020-05-13,260.3322448730469,SPY,0.011967785963113542
2020-05-14,263.4478454589844,SPY,0.004596961376558406
2020-05-15,264.6589050292969,SPY,0.03045958860252651
2020-05-18,272.7203063964844,SPY,-0.01027124828190551
2020-05-19,269.91912841796875,SPY,0.016987894458947883
2020-05-20,274.5044860839844,SPY,-0.00690386386247499
2020-05-21,272.6093444824219,SPY,0.0018991671539123622
2020-05-22,273.1270751953125,SPY,0.01232034850278696
2020-05-26,276.4920959472656,SPY,0.014879207089816937
2020-05-27,280.6060791015625,SPY,-0.001844935779616974
2020-05-28,280.08837890625,SPY,0.004455794854093531
2020-05-29,281.3363952636719,SPY,0.004042052620337744
2020-06-01,282.47357177734375,SPY,0.008279842447580954
2020-06-02,284.8124084472656,SPY,0.013308213146138392
2020-06-03,288.6027526855469,SPY,-0.0026265380908296887
2020-06-04,287.8447265625,SPY,0.025629510132212374
2020-06-05,295.2220458984375,SPY,0.012087345702366692
2020-06-08,298.7904968261719,SPY,-0.007456719172256876
2020-06-09,296.5625,SPY,-0.0055797838184931114
2020-06-10,294.9077453613281,SPY,-0.05764928514269674
2020-06-11,277.9065246582031,SPY,0.011975699397821726
2020-06-12,281.2346496582031,SPY,0.009336013022412049
2020-06-15,283.8602600097656,SPY,0.019247687451090068
2020-06-16,289.32391357421875,SPY,-0.004154076876844659
2020-06-17,288.1220397949219,SPY,0.00038522714791144885
2020-06-18,288.2330322265625,SPY,-0.005714878631885023
2020-06-19,286.5858154296875,SPY,0.00641486537312308
2020-06-22,288.4242248535156,SPY,0.004604021654656565
2020-06-23,289.75213623046875,SPY,-0.02550882091058515
2020-06-24,282.36090087890625,SPY,0.010720351320662402
2020-06-25,285.3879089355469,SPY,-0.023751145660668826
2020-06-26,278.609619140625,SPY,0.014697222623851536
2020-06-29,282.70440673828125,SPY,0.012809410710110436
2020-06-30,286.32568359375,SPY,0.007005197008842057
2020-07-01,288.3314514160156,SPY,0.0055069593762520075
2020-07-02,289.9192810058594,SPY,0.015437457072707383
2020-07-06,294.3948974609375,SPY,-0.010313855510861059
2020-07-07,291.3585510253906,SPY,0.007648600322794907
2020-07-08,293.5870361328125,SPY,-0.005693089375962801
2020-07-09,291.9156188964844,SPY,0.010210557931631614
2020-07-10,294.896240234375,SPY,-0.008658968701749759
2020-07-13,292.3427429199219,SPY,0.012958940285633158
2020-07-14,296.1311950683594,SPY,0.009187080253600044
2020-07-15,298.8517761230469,SPY,-0.0032931421379537307
2020-07-16,297.86761474609375,SPY,0.0028989216359855963
2020-07-17,298.7311096191406,SPY,0.008081565696216098
2020-07-20,301.14532470703125,SPY,0.0021274978642937814
2020-07-21,301.7860107421875,SPY,0.005692226980407611
2020-07-22,303.50384521484375,SPY,-0.011931668840911791
2020-07-23,299.8825378417969,SPY,-0.00644061176703814
2020-07-24,297.95111083984375,SPY,0.00729264460996748
2020-07-27,300.12396240234375,SPY,-0.006342492349861173
2020-07-28,298.2204284667969,SPY,0.012298601107419538
2020-07-29,301.88812255859375,SPY,-0.003567634122400576
2020-07-30,300.81109619140625,SPY,0.007902320569245447
2020-07-31,303.1882019042969,SPY,0.006951574912245961
2020-08-03,305.29583740234375,SPY,0.0038627803821975615
2020-08-04,306.4751281738281,SPY,0.006211154766351257
2020-08-05,308.3786926269531,SPY,0.006684345785675561
2020-08-06,310.44000244140625,SPY,0.0007180143952842943
2020-08-07,310.66290283203125,SPY,0.0029890561722123454
2020-08-10,311.59149169921875,SPY,-0.00825466223581639
2020-08-11,309.0194091796875,SPY,0.013942299525930846
2020-08-12,313.3278503417969,SPY,-0.0018077111542498248
2020-08-13,312.7614440917969,SPY,2.9467534339300272e-05
2020-08-14,312.7706604003906,SPY,0.0031767407701279726
2020-08-17,313.7642517089844,SPY,0.0021604977596980657
2020-08-18,314.442138671875,SPY,-0.004163965355932442
2020-08-19,313.1328125,SPY,0.0031138117187694547
2020-08-20,314.10784912109375,SPY,0.003547276192045423
2020-08-21,315.2220764160156,SPY,0.010133411145125892
2020-08-24,318.4163513183594,SPY,0.0034989903551578827
2020-08-25,319.5304870605469,SPY,0.01002561990377604
2020-08-26,322.7339782714844,SPY,0.002186405798315638
2020-08-27,323.4396057128906,SPY,0.006459423526171459
2020-08-28,325.5288391113281,SPY,-0.0036224109113316416
2020-08-31,324.3496398925781,SPY,0.009418731462797147
2020-09-01,327.40460205078125,SPY,0.01446386104015196
2020-09-02,332.14013671875,SPY,-0.034414357497467796
2020-09-03,320.7097473144531,SPY,-0.008164607593650341
2020-09-04,318.0912780761719,SPY,-0.027322951699643494
2020-09-08,309.40008544921875,SPY,0.019747254553026172
2020-09-09,315.5098876953125,SPY,-0.017363522509950102
2020-09-10,310.0315246582031,SPY,0.0005089026965248156
2020-09-11,310.1893005371094,SPY,0.013171514409821228
2020-09-14,314.27496337890625,SPY,0.005052163677363053
2020-09-15,315.86273193359375,SPY,-0.00396842956506116
2020-09-16,314.6092529296875,SPY,-0.008795516511794
2020-09-17,311.84210205078125,SPY,-0.011512420386591171
2020-09-18,308.2520446777344,SPY,-0.011129709192427617
2020-09-21,304.8212890625,SPY,0.010184430234160047
2020-09-22,307.92572021484375,SPY,-0.023191025667708254
2020-09-23,300.78460693359375,SPY,0.002665656125997007
2020-09-24,301.5863952636719,SPY,0.016166849635356195
2020-09-25,306.46209716796875,SPY,0.016609291834915885
2020-09-28,311.5522155761719,SPY,-0.005446205351523625
2020-09-29,309.8554382324219,SPY,0.007582133293438487
2020-09-30,312.2048034667969,SPY,0.006419736143331578
2020-10-01,314.2090759277344,SPY,-0.009493975477668393
2020-10-02,311.2259826660156,SPY,0.01773303721725683
2020-10-05,316.7449645996094,SPY,-0.014216166547789899
2020-10-06,312.2420654296875,SPY,0.01740665244398998
2020-10-07,317.6771545410156,SPY,0.008862838262015726
2020-10-08,320.49267578125,SPY,0.008929809299342395
2020-10-09,323.3546142578125,SPY,0.01608777687216789
2020-10-12,328.5566711425781,SPY,-0.0065261056766372505
2020-10-13,326.4124755859375,SPY,-0.006283445108417385
2020-10-14,324.3614807128906,SPY,-0.001235995787622457
2020-10-15,323.9605712890625,SPY,-0.0006043969501315916
2020-10-16,323.7647705078125,SPY,-0.015203140240419466
2020-10-19,318.842529296875,SPY,0.004005615710513055
2020-10-20,320.11968994140625,SPY,-0.0018928123845889377
2020-10-21,319.5137634277344,SPY,0.005485286433099645
2020-10-22,321.2663879394531,SPY,0.003395186419406393
2020-10-23,322.3571472167969,SPY,-0.018480073698766808
2020-10-26,316.39996337890625,SPY,-0.0034473100063523443
2020-10-27,315.3092346191406,SPY,-0.03417888003478109
2020-10-28,304.5323181152344,SPY,0.01016342959129335
2020-10-29,307.6274108886719,SPY,-0.01042475274879262
2020-10-30,304.42047119140625,SPY,0.011208340643091619
2020-11-02,307.83251953125,SPY,0.01765579570491127
2020-11-03,313.2675476074219,SPY,0.022349403335615747
2020-11-04,320.2688903808594,SPY,0.01950275051738659
2020-11-05,326.5150146484375,SPY,-0.00022842735430650407
2020-11-06,326.4404296875,SPY,0.012565627103432897
2020-11-09,330.5423583984375,SPY,-0.0014666871999181597
2020-11-10,330.05755615234375,SPY,0.007428717359051484
2020-11-11,332.50946044921875,SPY,-0.009700734328407568
2020-11-12,329.28387451171875,SPY,0.01384442631650451
2020-11-13,333.8426208496094,SPY,0.01248245440430451
2020-11-16,338.0097961425781,SPY,-0.005378431830175501
2020-11-17,336.19183349609375,SPY,-0.012034947379046423
2020-11-18,332.1457824707031,SPY,0.00421049614043989
2020-11-19,333.5442810058594,SPY,-0.006847930739143804
2020-11-20,331.26019287109375,SPY,0.005994343113336464
2020-11-23,333.2458801269531,SPY,0.016113938340085232
2020-11-24,338.61578369140625,SPY,-0.0015418499423474064
2020-11-25,338.09368896484375,SPY,0.002785266152368404
2020-11-27,339.0353698730469,SPY,-0.004427287573683492
2020-11-30,337.53436279296875,SPY,0.010937290636822139
2020-12-01,341.22607421875,SPY,0.0021036023015579275
2020-12-02,341.9438781738281,SPY,-0.0002726505930440437
2020-12-03,341.85064697265625,SPY,0.008617572842558152
2020-12-04,344.79656982421875,SPY,-0.002054646480256217
2020-12-07,344.088134765625,SPY,0.002926365045746948
2020-12-08,345.0950622558594,SPY,-0.008969342704218008
2020-12-09,341.9997863769531,SPY,-0.00032694876050820554
2020-12-10,341.8879699707031,SPY,-0.0011726339006969955
2020-12-11,341.487060546875,SPY,-0.004477004513376737
2020-12-14,339.9582214355469,SPY,0.01351951224044412
2020-12-15,344.5542907714844,SPY,0.0015694812076325615
2020-12-16,345.0950622558594,SPY,0.005591756333416686
2020-12-17,347.0247497558594,SPY,-0.00399303263908013
2020-12-18,345.6390686035156,SPY,-0.0035755212764088107
2020-12-21,344.4032287597656,SPY,-0.0016854512531894184
2020-12-22,343.82275390625,SPY,0.0008989574649682641
2020-12-23,344.1318359375,SPY,0.003890121342486008
2020-12-24,345.4705505371094,SPY,0.008590878450271067
2020-12-28,348.4384460449219,SPY,-0.0019078388502833388
2020-12-29,347.773681640625,SPY,0.001426923209224995
2020-12-30,348.2699279785156,SPY,0.005080918873102247
2020-12-31,350.0394592285156,SPY,-0.013614100600579215
2021-01-04,345.27398681640625,SPY,0.006887345502512021
2021-01-05,347.6520080566406,SPY,0.005978391063584887
2021-01-06,349.73040771484375,SPY,0.014857548442988477
2021-01-07,354.9265441894531,SPY,0.005697822219038917
2021-01-08,356.9488525390625,SPY,-0.006740905399051034
2021-01-11,354.5426940917969,SPY,0.0002113163112520411
2021-01-12,354.61761474609375,SPY,0.002693089824450823
2021-01-13,355.5726318359375,SPY,-0.0035022388718132236
2021-01-14,354.32733154296875,SPY,-0.007292647631069515
2021-01-15,351.74334716796875,SPY,0.007852037224601371
2021-01-19,354.5052490234375,SPY,0.013838677431651014
2021-01-20,359.4111328125,SPY,0.0009118478576881639
2021-01-21,359.7388610839844,SPY,-0.003539724512961251
2021-01-22,358.4654846191406,SPY,0.003943999917590313
2021-01-25,359.8792724609375,SPY,-0.001560988979119271
2021-01-26,359.3175048828125,SPY,-0.024440391108767723
2021-01-27,350.53564453125,SPY,0.008600119515752347
2021-01-28,353.55029296875,SPY,-0.02001970455935953
2021-01-29,346.4723205566406,SPY,0.016645696083176453
2021-02-01,352.2395935058594,SPY,0.01414021450180969
2021-02-02,357.2203369140625,SPY,0.000786304025938156
2021-02-03,357.501220703125,SPY,0.011365646287538667
2021-02-04,361.564453125,SPY,0.003936192409289108
2021-02-05,362.9876403808594,SPY,0.007221562386737546
2021-02-08,365.6089782714844,SPY,-0.0006656775407910542
2021-02-09,365.3656005859375,SPY,-0.0004356723436599319
2021-02-10,365.2064208984375,SPY,0.0016150133148560286
2021-02-11,365.7962341308594,SPY,0.0049396771060161715
2021-02-12,367.6031494140625,SPY,-0.0008658748989260889
2021-02-16,367.2848510742187,SPY,0.0002295767661335546
2021-02-17,367.3691711425781,SPY,-0.004256205353185827
2021-02-18,365.8055725097656,SPY,-0.0017658713390831249
2021-02-19,365.15960693359375,SPY,-0.007691748394348608
2021-02-22,362.3508911132813,SPY,0.0012143835430689087
2021-02-23,362.7909240722656,SPY,0.011019156988855805
2021-02-24,366.78857421875,SPY,-0.024095493375116295
2021-02-25,357.95062255859375,SPY,-0.00515281099698317
2021-02-26,356.1061706542969,SPY,0.024240443840102266
2021-03-01,364.73834228515625,SPY,-0.007803546025827557
2021-03-02,361.89208984375,SPY,-0.013245373774716462
2021-03-03,357.09869384765625,SPY,-0.012374833460241152
2021-03-04,352.6796569824219,SPY,0.018396489557878093
2021-03-05,359.167724609375,SPY,-0.004979094600078393
2021-03-08,357.37939453125,SPY,0.014277738611009783
2021-03-09,362.4819641113281,SPY,0.006224801223862153
2021-03-10,364.73834228515625,SPY,0.010139020692039535
2021-03-11,368.4364318847656,SPY,0.0013468152912405884
2021-03-12,368.9326477050781,SPY,0.005963594733640054
2021-03-15,371.1328125,SPY,-0.0012613803810125335
2021-03-16,370.6646728515625,SPY,0.0034098637075434812
2021-03-17,371.9285888671875,SPY,-0.014549669345836791
2021-03-18,366.51715087890625,SPY,-0.0018502861857010444
2021-03-19,365.8389892578125,SPY,0.007984859956095436
2021-03-22,368.7601623535156,SPY,-0.007870711322590873
2021-03-23,365.8577575683594,SPY,-0.005083569345669781
2021-03-24,363.9978942871094,SPY,0.0056257468570695135
2021-03-25,366.045654296875,SPY,0.016114939876197498
2021-03-26,371.9444580078125,SPY,-0.0005050921095685057
2021-03-29,371.756591796875,SPY,-0.00265299153157339
2021-03-30,370.7703247070313,SPY,0.00405336822339053
2021-03-31,372.273193359375,SPY,0.01079898362507059
2021-04-01,376.2933654785156,SPY,0.014353084466733002
2021-04-05,381.6943359375,SPY,-0.0005906922004323967
2021-04-06,381.4688720703125,SPY,0.0011575225928506239
2021-04-07,381.9104309082031,SPY,0.004746756167534727
2021-04-08,383.7232666015625,SPY,0.007270250847712045
2021-04-09,386.5130310058594,SPY,0.00036454051196277426
2021-04-12,386.6539306640625,SPY,0.0029635649157102595
2021-04-13,387.7998046875,SPY,-0.003415090265344145
2021-04-14,386.4754333496094,SPY,0.010742475517463657
2021-04-15,390.6271362304687,SPY,0.0033422473470849923
2021-04-16,391.9327087402344,SPY,-0.004913161415638911
2021-04-19,390.007080078125,SPY,-0.007321347080913587
2021-04-20,387.1517028808594,SPY,0.009462023537884168
2021-04-21,390.81494140625,SPY,-0.009133137137067093
2021-04-22,387.2455749511719,SPY,0.010842473672426856
2021-04-23,391.44427490234375,SPY,0.0020876527246058707
2021-04-26,392.261474609375,SPY,-0.00021534782719645484
2021-04-27,392.177001953125,SPY,-0.00028745166858912263
2021-04-28,392.0642700195313,SPY,0.006372613655840631
2021-04-29,394.562744140625,SPY,-0.006570406817772545
2021-04-30,391.9703063964844,SPY,0.0021568686530599734
2021-05-03,392.8157348632813,SPY,-0.006169307040996608
2021-05-04,390.392333984375,SPY,0.0003128425868659246
2021-05-05,390.5144653320313,SPY,0.00798561905564199
2021-05-06,393.6329650878906,SPY,0.0072777863273936205
2021-05-07,396.4977416992187,SPY,-0.009902452488131819
2021-05-10,392.5714416503906,SPY,-0.008924514495388225
2021-05-11,389.06793212890625,SPY,-0.021245310800598882
2021-05-12,380.8020629882813,SPY,0.012012384555945
2021-05-13,385.37640380859375,SPY,0.015355700429220187
2021-05-14,391.2941284179687,SPY,-0.0025448594852285344
2021-05-17,390.29833984375,SPY,-0.008615564140512455
2021-05-18,386.9356994628906,SPY,-0.0026217930613262608
2021-05-19,385.9212341308594,SPY,0.010757902166770972
2021-05-20,390.0729370117187,SPY,-0.0008186569925777709
2021-05-21,389.7536010742187,SPY,0.010194460361027335
2021-05-24,393.7269287109375,SPY,-0.002219019529604127
2021-05-25,392.8532409667969,SPY,0.0019847720211620956
2021-05-26,393.6329650878906,SPY,0.000524864587649887
2021-05-27,393.8395690917969,SPY,0.0017887176117474812
2021-05-28,394.5440368652344,SPY,-0.0008809275132559691
2021-06-01,394.1964721679687,SPY,0.0015728073713541235
2021-06-02,394.81646728515625,SPY,-0.003711657707848315
2021-06-03,393.3510437011719,SPY,0.009145861533344624
2021-06-04,396.9485778808594,SPY,-0.0009702310510685264
2021-06-07,396.5634460449219,SPY,0.00021355039185144697
2021-06-08,396.6481323242187,SPY,-0.0014920715474195934
2021-06-09,396.0563049316406,SPY,0.004648337610195341
2021-06-10,397.8973083496094,SPY,0.0016524394784933616
2021-06-11,398.5548095703125,SPY,0.002239000710881456
2021-06-14,399.4471740722656,SPY,-0.0018342000223851018
2021-06-15,398.7145080566406,SPY,-0.005583434372411267
2021-06-16,396.4883117675781,SPY,-0.0003316623472565672
2021-06-17,396.3568115234375,SPY,-0.01349025471557197
2021-06-18,391.0098571777344,SPY,0.01431589548765655
2021-06-21,396.6075134277344,SPY,0.005346169043096705
2021-06-22,398.7278442382813,SPY,-0.001205157332501594
2021-06-23,398.247314453125,SPY,0.0059158139822867994
2021-06-24,400.603271484375,SPY,0.0035519245571409286
2021-06-25,402.0261840820313,SPY,0.0020158507997132258
2021-06-28,402.8366088867187,SPY,0.000538175702548882
2021-06-29,403.0534057617187,SPY,0.0008416586824182559
2021-06-30,403.39263916015625,SPY,0.00553653740968052
2021-07-01,405.62603759765625,SPY,0.007643726233967918
2021-07-02,408.7265319824219,SPY,-0.0018216026982746936
2021-07-06,407.98199462890625,SPY,0.0035342111912599616
2021-07-07,409.42388916015625,SPY,-0.008148254599246507
2021-07-08,406.0877990722656,SPY,0.01067486004215179
2021-07-09,410.4227294921875,SPY,0.003581973378605552
2021-07-12,411.8928527832031,SPY,-0.0034090778589610515
2021-07-13,410.4886779785156,SPY,0.00149239162039283
2021-07-14,411.1012878417969,SPY,-0.0034154934831329697
2021-07-15,409.6971740722656,SPY,-0.007843749518154919
2021-07-16,406.4836120605469,SPY,-0.014768025147798625
2021-07-19,400.4806518554687,SPY,0.014330695461005405
2021-07-20,406.2198181152344,SPY,0.008096154379257925
2021-07-21,409.5086364746094,SPY,0.0020940057213849617
2021-07-22,410.36614990234375,SPY,0.010287964239729108
2021-07-23,414.5879821777344,SPY,0.002455021152032888
2021-07-26,415.6058044433594,SPY,-0.004557600059507005
2021-07-27,413.7116394042969,SPY,-0.00040984020731604787
2021-07-28,413.5420837402344,SPY,0.004147311623313055
2021-07-29,415.2571716308594,SPY,-0.004856712432077082
2021-07-30,413.2403869628906,SPY,-0.002097989219604024
2021-08-02,412.3734130859375,SPY,0.008135634662981062
2021-08-03,415.7283325195313,SPY,-0.00491903666455118
2021-08-04,413.683349609375,SPY,0.006333039628858339
2021-08-05,416.30322265625,SPY,0.001652393474464331
2021-08-06,416.9911193847656,SPY,-0.000813599859191716
2021-08-09,416.65185546875,SPY,0.0012439162876491938
2021-08-10,417.1701354980469,SPY,0.0024848149183407386
2021-08-11,418.2067260742187,SPY,0.0029970523500129076
2021-08-12,419.4601135253906,SPY,0.0018198063582854918
2021-08-13,420.2234497070313,SPY,0.0023547042741540736
2021-08-16,421.21295166015625,SPY,-0.006555208962908066
2021-08-17,418.4518127441406,SPY,-0.010945075233945833
2021-08-18,413.871826171875,SPY,0.001548251287886604
2021-08-19,414.5126037597656,SPY,0.007957078497143666
2021-08-20,417.8109130859375,SPY,0.008796546125625193
2021-08-23,421.4862060546875,SPY,0.0015875452348301788
2021-08-24,422.15533447265625,SPY,0.002098215118339297
2021-08-25,423.0411071777344,SPY,-0.005903026580680426
2021-08-26,420.54388427734375,SPY,0.008940971302537237
2021-08-27,424.303955078125,SPY,0.0043976405521681805
2021-08-30,426.1698913574219,SPY,-0.0014817323780221825
2021-08-31,425.5384216308594,SPY,0.0005314814361947473
2021-09-01,425.76458740234375,SPY,0.0030767402451385983
2021-09-02,427.0745544433594,SPY,-0.0002428117746418046
2021-09-03,426.9708557128906,SPY,-0.0035756606345186404
2021-09-07,425.4441528320313,SPY,-0.0012182810444680836
2021-09-08,424.92584228515625,SPY,-0.004280388423703818
2021-09-09,423.10699462890625,SPY,-0.007884310646643189
2021-09-10,419.7710876464844,SPY,0.002559276554175316
2021-09-13,420.8453979492187,SPY,-0.0053964166888198495
2021-09-14,418.5743408203125,SPY,0.008352748835580126
2021-09-15,422.0705871582031,SPY,-0.0015855641000928067
2021-09-16,421.4013671875,SPY,-0.009740898346523252
2021-09-17,417.2965393066406,SPY,-0.01667415900265412
2021-09-20,410.3384704589844,SPY,-0.0009447439682861436
2021-09-21,409.9508056640625,SPY,0.009754737268697466
2021-09-22,413.94976806640625,SPY,0.012150050286391378
2021-09-23,418.9792785644531,SPY,0.0016473023421104127
2021-09-24,419.6694641113281,SPY,-0.0028608766214052173
2021-09-27,418.4688415527344,SPY,-0.020151998335519505
2021-09-28,410.0358581542969,SPY,0.0016832321689661534
2021-09-29,410.7260437011719,SPY,-0.012222306348078527
2021-09-30,405.7060241699219,SPY,0.01188415226969708
2021-10-01,410.5274963378906,SPY,-0.012896065428873338
2021-10-04,405.2333068847656,SPY,0.010405096589007012
2021-10-05,409.4497985839844,SPY,0.004155893212200112
2021-10-06,411.15142822265625,SPY,0.008645689291087555
2021-10-07,414.70611572265625,SPY,-0.0018238160171136775
2021-10-08,413.94976806640625,SPY,-0.007239662685285975
2021-10-11,410.9529113769531,SPY,-0.0024614392951785025
2021-10-12,409.9413757324219,SPY,0.0035974947887504882
2021-10-13,411.4161376953125,SPY,0.01682065298824642
2021-10-14,418.33642578125,SPY,0.00761581809459666
2021-10-15,421.52239990234375,SPY,0.0029605183614835884
2021-10-18,422.7703247070313,SPY,0.007714747160575852
2021-10-19,426.0318908691406,SPY,0.003927877031675742
2021-10-20,427.7052917480469,SPY,0.002608268099279387
2021-10-21,428.82086181640625,SPY,-0.001036323118175475
2021-10-22,428.37646484375,SPY,0.005362954013096832
2021-10-25,430.673828125,SPY,0.0008999937643137113
2021-10-26,431.0614318847656,SPY,-0.004430223501968644
2021-10-27,429.1517333984375,SPY,0.009648962868758826
2021-10-28,433.2926025390625,SPY,0.0020290697395968227
2021-10-29,434.1717834472656,SPY,0.0017201870732435065
2021-11-01,434.9186401367187,SPY,0.004043247919118809
2021-11-02,436.6771240234375,SPY,0.006104883655335014
2021-11-03,439.3429870605469,SPY,0.00471270890044595
2021-11-04,441.4134826660156,SPY,0.003469591932156346
2021-11-05,442.9450073242187,SPY,0.0008538404078373141
2021-11-08,443.3232116699219,SPY,-0.0033056110372439163
2021-11-09,441.8577575683594,SPY,-0.008044592108666482
2021-11-10,438.3031921386719,SPY,0.0003234157380851421
2021-11-11,438.4449462890625,SPY,0.007546827569137049
2021-11-12,441.7538146972656,SPY,0.000342443301523776
2021-11-15,441.9050903320313,SPY,0.003957847416076854
2021-11-16,443.6540832519531,SPY,-0.002429277290006193
2021-11-17,442.5763244628906,SPY,0.003396348217160172
2021-11-18,444.0794677734375,SPY,-0.001788120011028349
2021-11-19,443.285400390625,SPY,-0.0028152411993851434
2021-11-22,442.0374450683594,SPY,0.001326159502420543
2021-11-23,442.6236572265625,SPY,0.002669766156559783
2021-11-24,443.8053588867187,SPY,-0.022303211788472055
2021-11-26,433.9070739746094,SPY,0.012266614489656158
2021-11-29,439.2296447753906,SPY,-0.01945753385558502
2021-11-30,430.6833190917969,SPY,-0.011107354822782467
2021-12-01,425.8995666503906,SPY,0.015316414726211702
2021-12-02,432.4228210449219,SPY,-0.00870149688442845
2021-12-03,428.66009521484375,SPY,0.011843517319180874
2021-12-06,433.7369384765625,SPY,0.02068482170724595
2021-12-07,442.7087097167969,SPY,0.0026478837782237807
2021-12-08,443.8809509277344,SPY,-0.0067515562467089785
2021-12-09,440.8840637207031,SPY,0.0094135837826399
2021-12-10,445.0343627929687,SPY,-0.008858328865767429
2021-12-13,441.0921020507813,SPY,-0.006879965594983162
2021-12-14,438.0574035644531,SPY,0.015624972786833613
2021-12-15,444.9020385742187,SPY,-0.008818572491777199
2021-12-16,440.9786376953125,SPY,-0.010642984617011408
2021-12-17,436.2853088378906,SPY,-0.010633317378041185
2021-12-20,431.6461486816406,SPY,0.017758963915973647
2021-12-21,439.3117370605469,SPY,0.009998633588153671
2021-12-22,443.7042541503906,SPY,0.006222101048736661
2021-12-23,446.4650268554687,SPY,0.01415217440935157
2021-12-27,452.7834777832031,SPY,-0.000817156842822464
2021-12-28,452.4134826660156,SPY,0.0012793526472907324
2021-12-29,452.9922790527344,SPY,-0.0027646163332728513
2021-12-30,451.7399291992187,SPY,-0.002520162992833419
2021-12-31,450.6014709472656,SPY,0.005789922852274865
2022-01-03,453.2104187011719,SPY,-0.00033486413761307787
2022-01-04,453.05865478515625,SPY,-0.019202299690162072
2022-01-05,444.35888671875,SPY,-0.0009395119153187137
2022-01-06,443.94140625,SPY,-0.003953441627291054
2022-01-07,442.1863098144531,SPY,-0.0012441370721997247
2022-01-10,441.63616943359375,SPY,0.009108018541780005
2022-01-11,445.6585998535156,SPY,0.002703696366468389
2022-01-12,446.863525390625,SPY,-0.013778694601533137
2022-01-13,440.7063293457031,SPY,0.00040890335996701666
2022-01-14,440.8865356445313,SPY,-0.017709388196971543
2022-01-18,433.0787048339844,SPY,-0.010383674357554384
2022-01-19,428.5817565917969,SPY,-0.011068041786793992
2022-01-20,423.8381958007813,SPY,-0.019630509931719775
2022-01-21,415.5180358886719,SPY,0.004246569859269078
2022-01-24,417.2825622558594,SPY,-0.012208930914984206
2022-01-25,412.18798828125,SPY,-0.002508926022405711
2022-01-26,411.1538391113281,SPY,-0.004937915511892266
2022-01-27,409.12359619140625,SPY,0.024835519666254857
2022-01-28,419.2843933105469,SPY,0.018011136237271907
2022-01-31,426.836181640625,SPY,0.006756696853724264
2022-02-01,429.7201843261719,SPY,0.009714175860628727
2022-02-02,433.8945617675781,SPY,-0.023505019075659606
2022-02-03,423.69586181640625,SPY,0.004702360313191045
2022-02-04,425.688232421875,SPY,-0.003209201666189654
2022-02-07,424.3221130371094,SPY,0.008227809364186545
2022-02-08,427.8133544921875,SPY,0.014635996150254238
2022-02-09,434.0748291015625,SPY,-0.017965497740260572
2022-02-10,426.2764587402344,SPY,-0.01971882329804653
2022-02-11,417.8707885742187,SPY,-0.0032693848368373635
2022-02-14,416.5046081542969,SPY,0.01612695113424123
2022-02-15,423.2215576171875,SPY,0.001120699526482527
2022-02-16,423.69586181640625,SPY,-0.02136136089704266
2022-02-17,414.6451416015625,SPY,-0.006474821838256539
2022-02-18,411.96038818359375,SPY,-0.010731886335092367
2022-02-22,407.5392761230469,SPY,-0.017738776285926128
2022-02-23,400.3100280761719,SPY,0.015049218367813255
2022-02-24,406.3343811035156,SPY,0.022064152089804168
2022-02-25,415.2998046875,SPY,-0.002558539693886419
2022-02-28,414.23724365234375,SPY,-0.015230158616727607
2022-03-01,407.9283447265625,SPY,0.018396055478732798
2022-03-02,415.4326171875,SPY,-0.004978441031210368
2022-03-03,413.3644104003906,SPY,-0.00812484196343699
2022-03-04,410.0058898925781,SPY,-0.029479110385183582
2022-03-07,397.9192810058594,SPY,-0.007581628648596905
2022-03-08,394.90240478515625,SPY,0.02681071535271351
2022-03-09,405.4900207519531,SPY,-0.004515433280873893
2022-03-10,403.6590576171875,SPY,-0.012715107619962085
2022-03-11,398.5264892578125,SPY,-0.007308263564908546
2022-03-14,395.6139526367187,SPY,0.021990549141210458
2022-03-15,404.313720703125,SPY,0.0221740458881845
2022-03-16,413.2789916992187,SPY,0.012510923160467646
2022-03-17,418.4494934082031,SPY,0.010952720633167656
2022-03-18,423.03265380859375,SPY,-0.0002923113037471836
2022-03-21,422.9089965820313,SPY,0.011701427389841923
2022-03-22,427.8576354980469,SPY,-0.01287828086640841
2022-03-23,422.3475646972656,SPY,0.015074043578933605
2022-03-24,428.7140502929687,SPY,0.004883720234947209
2022-03-25,430.8077697753906,SPY,0.007113060133208116
2022-03-28,433.87213134765625,SPY,0.012370787842996611
2022-03-29,439.2394714355469,SPY,-0.006174738148734704
2022-03-30,436.52728271484375,SPY,-0.015391293393248962
2022-03-31,429.8085632324219,SPY,0.0028339316614416354
2022-04-01,431.026611328125,SPY,0.00856669696995449
2022-04-04,434.7190856933594,SPY,-0.012631279670758833
2022-04-05,429.22802734375,SPY,-0.009999399926512331
2022-04-06,424.9360046386719,SPY,0.005039103213999363
2022-04-07,427.0773010253906,SPY,-0.002674127900101242
2022-04-08,425.9352416992187,SPY,-0.01709215546040299
2022-04-11,418.6550903320313,SPY,-0.0037053640743259786
2022-04-12,417.1038208007813,SPY,0.011453681384184344
2022-04-13,421.8811950683594,SPY,-0.012451712406132964
2022-04-14,416.6280517578125,SPY,0.00041107325278488815
2022-04-18,416.79931640625,SPY,0.016142639159798744
2022-04-19,423.5275573730469,SPY,-0.0007415973496757156
2022-04-20,423.2134704589844,SPY,-0.014953353650336343
2022-04-21,416.885009765625,SPY,-0.027439210078000098
2022-04-22,405.4460144042969,SPY,0.00579753124704796
2022-04-25,407.7966003417969,SPY,-0.028960809430504164
2022-04-26,395.9864807128906,SPY,0.0028117205372972798
2022-04-27,397.0998840332031,SPY,0.02525950900268814
2022-04-28,407.13043212890625,SPY,-0.03695574120089795
2022-04-29,392.0846252441406,SPY,0.006019616232438851
2022-05-02,394.44482421875,SPY,0.004584002312387758
2022-05-03,396.2529602050781,SPY,0.03045273422749739
2022-05-04,408.3199462890625,SPY,-0.03554275884562941
2022-05-05,393.80712890625,SPY,-0.005968876043530358
2022-05-06,391.45654296875,SPY,-0.03201738985634328
2022-05-09,378.9231262207031,SPY,0.002310625179146042
2022-05-10,379.7986755371094,SPY,-0.015886150234270202
2022-05-11,373.76513671875,SPY,-0.001043801790009069
2022-05-12,373.375,SPY,0.023907963152828948
2022-05-13,382.3016357421875,SPY,-0.0040577907698889915
2022-05-16,380.7503356933594,SPY,0.02057039246893355
2022-05-17,388.58251953125,SPY,-0.04031148178538535
2022-05-18,372.9181823730469,SPY,-0.006124576843958729
2022-05-19,370.63421630859375,SPY,0.0004364780004713076
2022-05-20,370.7959899902344,SPY,0.018710078473327618
2022-05-23,377.7336120605469,SPY,-0.00763388628224837
2022-05-24,374.85003662109375,SPY,0.008835076136404219
2022-05-25,378.161865234375,SPY,0.01998126473981432
2022-05-26,385.718017578125,SPY,0.024549085670557913
2022-05-27,395.1870422363281,SPY,-0.005610877772860401
2022-05-31,392.9696960449219,SPY,-0.008088480776054285
2022-06-01,389.7911682128906,SPY,0.019043462854341442
2022-06-02,397.2141418457031,SPY,-0.01641144958482743
2022-06-03,390.6952819824219,SPY,0.00304476468022985
2022-06-06,391.8848571777344,SPY,0.009592032198028733
2022-06-07,395.6438293457031,SPY,-0.010872032665926512
2022-06-08,391.3423767089844,SPY,-0.0237828856021991
2022-06-09,382.0351257324219,SPY,-0.028995743668564167
2022-06-10,370.9577331542969,SPY,-0.03796819278250263
2022-06-13,356.8731384277344,SPY,-0.00301324976468742
2022-06-14,355.79779052734375,SPY,0.014256291952281064
2022-06-15,360.8701477050781,SPY,-0.03309591811174861
2022-06-16,348.92681884765625,SPY,0.002155657597575633
2022-06-17,349.6789855957031,SPY,0.025173671338659
2022-06-21,358.481689453125,SPY,-0.001812930375164945
2022-06-22,357.831787109375,SPY,0.009802453333915606
2022-06-23,361.33941650390625,SPY,0.03179393887184245
2022-06-24,372.8278198242187,SPY,-0.003819651297202964
2022-06-27,371.40374755859375,SPY,-0.020433013277231127
2022-06-28,363.8148498535156,SPY,-0.0008142441986044302
2022-06-29,363.51861572265625,SPY,-0.00812439587104441
2022-06-30,360.5652465820313,SPY,0.010576638074204059
2022-07-01,364.3788146972656,SPY,0.0018884477467060456
2022-07-05,365.0669250488281,SPY,0.0033773004050234867
2022-07-06,366.29986572265625,SPY,0.014977196370814516
2022-07-07,371.7860107421875,SPY,-0.0008227251072095987
2022-07-08,371.4801330566406,SPY,-0.011423467719999802
2022-07-11,367.2365417480469,SPY,-0.008848884627859266
2022-07-12,363.9869079589844,SPY,-0.005251559827126773
2022-07-13,362.0754089355469,SPY,-0.0024285921506762564
2022-07-14,361.1960754394531,SPY,0.01910503948529163
2022-07-15,368.09674072265625,SPY,-0.008257063584405477
2022-07-18,365.0573425292969,SPY,0.02701936324583798
2022-07-19,374.92095947265625,SPY,0.006373006680281623
2022-07-20,377.3103332519531,SPY,0.01018327435020483
2022-07-21,381.152587890625,SPY,-0.009277953319271504
2022-07-22,377.61627197265625,SPY,0.00121491256072348
2022-07-25,378.0750427246094,SPY,-0.011831043987200363
2022-07-26,373.6020202636719,SPY,0.025966348670756645
2022-07-27,383.3031005859375,SPY,0.012542360412468812
2022-07-28,388.1106262207031,SPY,0.014578683776172108
2022-07-29,393.7687683105469,SPY,-0.002961245879354646
2022-08-01,392.6027221679687,SPY,-0.006597145732317955
2022-08-02,390.0126647949219,SPY,0.01565931282123101
2022-08-03,396.1199951171875,SPY,-0.0006755746891771164
2022-08-04,395.8523864746094,SPY,-0.00169019413719107
2022-08-05,395.1833190917969,SPY,-0.0011609061663013787
2022-08-08,394.72454833984375,SPY,-0.0039710587340638925
2022-08-09,393.1570739746094,SPY,0.021004238851426438
2022-08-10,401.4150390625,SPY,0.0
2022-08-11,401.4150390625,SPY,0.016928866753112226
2022-08-12,408.2105407714844,SPY,0.004120813295631631
2022-08-15,409.8927001953125,SPY,0.001958699056923807
2022-08-16,410.695556640625,SPY,-0.007098181617147481
2022-08-17,407.7803649902344,SPY,0.0029064939938170387
2022-08-18,408.965576171875,SPY,-0.013437968435750847
2022-08-19,403.4699096679687,SPY,-0.02082263373558013
2022-08-22,395.068603515625,SPY,-0.0024191216047944053
2022-08-23,394.1128845214844,SPY,0.0032010274509068903
2022-08-24,395.37445068359375,SPY,0.01411772333726713
2022-08-25,400.9562377929687,SPY,-0.03384905804559313
2022-08-26,387.3842468261719,SPY,-0.0066123582940877945
2022-08-29,384.8227233886719,SPY,-0.010977669795353195
2022-08-30,380.5982666015625,SPY,-0.007609223118028696
2022-08-31,377.70220947265625,SPY,0.0031380322102789737
2022-09-01,378.887451171875,SPY,-0.010544659754382124
2022-09-02,374.8922119140625,SPY,-0.0037729757609364922
2022-09-06,373.4777526855469,SPY,0.017965179125975173
2022-09-07,380.1873474121094,SPY,0.006536052115676316
2022-09-08,382.6722717285156,SPY,0.015535346374090375
2022-09-09,388.6172180175781,SPY,0.010747428442551943
2022-09-12,392.7938537597656,SPY,-0.04348224689029323
2022-09-13,375.71429443359375,SPY,0.0038157299011989387
2022-09-14,377.1479187011719,SPY,-0.011353184312219433
2022-09-15,372.8660888671875,SPY,-0.007629024406134
2022-09-16,370.021484375,SPY,0.007754891106407369
2022-09-19,372.8909606933594,SPY,-0.011478537618512141
2022-09-20,368.6107177734375,SPY,-0.01744369148966818
2022-09-21,362.1807861328125,SPY,-0.00839994135460742
2022-09-22,359.13848876953125,SPY,-0.016754742633781627
2022-09-23,353.1212158203125,SPY,-0.009892770559972175
2022-09-26,349.62786865234375,SPY,-0.0025527630085210307
2022-09-27,348.7353515625,SPY,0.019676460704834753
2022-09-28,355.59722900390625,SPY,-0.02088899873929495
2022-09-29,348.1691589355469,SPY,-0.01546349237041178
2022-09-30,342.7852478027344,SPY,0.026401155871855098
2022-10-03,351.8351745605469,SPY,0.030986730344129798
2022-10-04,362.7373962402344,SPY,-0.0023282503149245626
2022-10-05,361.8928527832031,SPY,-0.010315802877344127
2022-10-06,358.1596374511719,SPY,-0.0278939262579162
2022-10-07,348.1691589355469,SPY,-0.007635417094881136
2022-10-10,345.5107421875,SPY,-0.006332885108379482
2022-10-11,343.3226623535156,SPY,-0.0032984008795735598
2022-10-12,342.19024658203125,SPY,0.026390787745175448
2022-10-13,351.2209167480469,SPY,-0.02278863482548621
2022-10-14,343.2170715332031,SPY,0.02569715459967803
2022-10-17,352.0367736816406,SPY,0.01174951395864321
2022-10-18,356.17303466796875,SPY,-0.007086491924739091
2022-10-19,353.6490173339844,SPY,-0.008385389111204677
2022-10-20,350.68353271484375,SPY,0.024301556721936235
2022-10-21,359.2056884765625,SPY,0.012236233578795552
2022-10-24,363.60101318359375,SPY,0.015968807026207843
2022-10-25,369.40728759765625,SPY,-0.007533909449341403
2022-10-26,366.6242065429687,SPY,-0.005340223557715018
2022-10-27,364.6663513183594,SPY,0.023790592772666708
2022-10-28,373.3419799804687,SPY,-0.007223098219912627
2022-10-31,370.6452941894531,SPY,-0.004376011965117388
2022-11-01,369.0233459472656,SPY,-0.025096101547474103
2022-11-02,359.7622985839844,SPY,-0.010296817517737922
2022-11-03,356.0578918457031,SPY,0.014393126776063525
2022-11-04,361.18267822265625,SPY,0.009565505844666866
2022-11-07,364.6375732421875,SPY,0.005395597954009679
2022-11-08,366.6050109863281,SPY,-0.020602246932113766
2022-11-09,359.0521240234375,SPY,0.05495409428647702
2022-11-10,378.7835083007813,SPY,0.009678634622136695
2022-11-11,382.4496154785156,SPY,-0.008506708647363359
2022-11-14,379.19622802734375,SPY,0.008528991424249899
2022-11-15,382.4303894042969,SPY,-0.0076287882699240805
2022-11-16,379.5129089355469,SPY,-0.003059775670059217
2022-11-17,378.3516845703125,SPY,0.004540392075127908
2022-11-18,380.0695495605469,SPY,-0.0036361464026479773
2022-11-21,378.68756103515625,SPY,0.013457025857546379
2022-11-22,383.7835693359375,SPY,0.006301457877100791
2022-11-23,386.2019653320313,SPY,-0.00022354683887082505
2022-11-25,386.1156311035156,SPY,-0.015957020090597407
2022-11-28,379.9543762207031,SPY,-0.0017175427668871812
2022-11-29,379.3017883300781,SPY,0.03150062181384272
2022-11-30,391.2500305175781,SPY,-0.0007359318265829362
2022-12-01,390.9620971679687,SPY,-0.0011537699575817628
2022-12-02,390.5110168457031,SPY,-0.01798923357714155
2022-12-05,383.4860229492187,SPY,-0.014414769295412078
2022-12-06,377.9581604003906,SPY,-0.0017011799740862532
2022-12-07,377.315185546875,SPY,0.007833958704172028
2022-12-08,380.27105712890625,SPY,-0.007470193139691439
2022-12-09,377.4303588867187,SPY,0.014417223401913981
2022-12-12,382.8718566894531,SPY,0.0075697765293885055
2022-12-13,385.7701110839844,SPY,-0.006393445411190579
2022-12-14,383.3037109375,SPY,-0.02446159647187407
2022-12-15,373.927490234375,SPY,-0.01180622705432921
2022-12-16,369.5128173828125,SPY,-0.008479793356500065
2022-12-19,366.3794250488281,SPY,0.001368537025590033
2022-12-20,366.8808288574219,SPY,0.014952564687711778
2022-12-21,372.36663818359375,SPY,-0.014266279070720422
2022-12-22,367.0543518066406,SPY,0.005752252084096021
2022-12-23,369.1657409667969,SPY,-0.00394359742223227
2022-12-27,367.70989990234375,SPY,-0.01242779761970958
2022-12-28,363.14007568359375,SPY,0.018000358674330252
2022-12-29,369.6767272949219,SPY,-0.0026341539201457653
2022-12-30,368.7029418945313,SPY,-0.004209935424426159
2023-01-03,367.1507263183594,SPY,0.007720354307425126
2023-01-04,369.9852600097656,SPY,-0.011413286579640691
2023-01-05,365.7625122070313,SPY,0.022931996896866647
2023-01-06,374.1501770019531,SPY,-0.0005668771017783847
2023-01-09,373.9380798339844,SPY,0.007012697006651969
2023-01-10,376.5603942871094,SPY,0.012647811259966613
2023-01-11,381.3230590820313,SPY,0.0036409998916382413
2023-01-12,382.7114562988281,SPY,0.003879451918471055
2023-01-13,384.1961669921875,SPY,-0.001831867278189514
2023-01-17,383.4923706054687,SPY,-0.01578804798047584
2023-01-18,377.4377746582031,SPY,-0.007279743393391436
2023-01-19,374.6901245117187,SPY,0.018628919111707498
2023-01-20,381.6701965332031,SPY,0.011998574509123783
2023-01-23,386.2496948242187,SPY,-0.0010731924690852157
2023-01-24,385.8351745605469,SPY,0.0003747514345235903
2023-01-25,385.9797668457031,SPY,0.0109903038358099
2023-01-26,390.2218017578125,SPY,0.0022976841408490767
2023-01-27,391.118408203125,SPY,-0.012546886089508158
2023-01-30,386.2110900878906,SPY,0.014703487414231109
2023-01-31,391.8897399902344,SPY,0.010627777579201858
2023-02-01,396.0546569824219,SPY,0.014556802211510123
2023-02-02,401.8199462890625,SPY,-0.010628977227331027
2023-02-03,397.5490112304687,SPY,-0.006111437530043506
2023-02-06,395.1194152832031,SPY,0.013078815902004992
2023-02-07,400.287109375,SPY,-0.010934763011900661
2023-02-08,395.9100646972656,SPY,-0.008669192235890244
2023-02-09,392.4778442382813,SPY,0.0023336184911659785
2023-02-10,393.3937377929687,SPY,0.011738981962691852
2023-02-13,398.01177978515625,SPY,-0.00046020372564126166
2023-02-14,397.82861328125,SPY,0.0032473798807737264
2023-02-15,399.1205139160156,SPY,-0.013768753181299775
2023-02-16,393.6251220703125,SPY,-0.002498312181721807
2023-02-17,392.6417236328125,SPY,-0.020060960273537654
2023-02-21,384.7649536132813,SPY,-0.0013779370490654141
2023-02-22,384.2347717285156,SPY,0.005319204279699008
2023-02-23,386.2785949707031,SPY,-0.010682297251677797
2023-02-24,382.1522521972656,SPY,0.003405906152711635
2023-02-27,383.4538269042969,SPY,-0.0036958969010383314
2023-02-28,382.03662109375,SPY,-0.0038360593089820094
2023-03-01,380.5711059570313,SPY,0.00777728078479889
2023-03-02,383.5309143066406,SPY,0.01603798229104636
2023-03-03,389.6819763183594,SPY,0.0006926878709296869
2023-03-06,389.951904296875,SPY,-0.015328835374454619
2023-03-07,383.9743957519531,SPY,0.0016320839976051715
2023-03-08,384.60107421875,SPY,-0.018449831971287245
2023-03-09,377.5052490234375,SPY,-0.014429318714848649
2023-03-10,372.05810546875,SPY,-0.0014252436103546762
2023-03-13,371.52783203125,SPY,0.016530006347837967
2023-03-14,377.669189453125,SPY,-0.006254310949472264
2023-03-15,375.30712890625,SPY,0.017545119296825895
2023-03-16,381.8919372558594,SPY,-0.011692578653945795
2023-03-17,377.4266357421875,SPY,0.009615431263642504
2023-03-20,381.0557556152344,SPY,0.013130569293797523
2023-03-21,386.0592346191406,SPY,-0.01704643232710079
2023-03-22,379.4783020019531,SPY,0.002703151532258863
2023-03-23,380.5040893554687,SPY,0.006562050913199835
2023-03-24,383.0009765625,SPY,0.0018700136157452363
2023-03-27,383.7171936035156,SPY,-0.002244695154030474
2023-03-28,382.8558654785156,SPY,0.014534864951921467
2023-03-29,388.4206237792969,SPY,0.005855308319204777
2023-03-30,390.6949462890625,SPY,0.014094507452259375
2023-03-31,396.20159912109375,SPY,0.0038106765493308714
2023-04-03,397.7113952636719,SPY,-0.005548177680112065
2023-04-04,395.50482177734375,SPY,-0.002618306835962203
2023-04-05,394.4692687988281,SPY,0.003900984135115859
2023-04-06,396.0080871582031,SPY,0.001026325266196837
2023-04-10,396.4145202636719,SPY,0.0002685971997375969
2023-04-11,396.52099609375,SPY,-0.004076055167318238
2023-04-12,394.9047546386719,SPY,0.013282753123802449
2023-04-13,400.1501770019531,SPY,-0.0024427016803765245
2023-04-14,399.1727294921875,SPY,0.003588201061582641
2023-04-17,400.60504150390625,SPY,0.0006522421757981789
2023-04-18,400.8663330078125,SPY,-0.00016870200252927514
2023-04-19,400.7987060546875,SPY,-0.00545747124196283
2023-04-20,398.6113586425781,SPY,0.0007770812628711266
2023-04-21,398.9211120605469,SPY,0.0010431578643783634
2023-04-24,399.3372497558594,SPY,-0.01587392685466793
2023-04-25,392.9981994628906,SPY,-0.004235517576225423
2023-04-26,391.3336486816406,SPY,0.01990810265221188
2023-04-27,399.1243591308594,SPY,0.008535072084298267
2023-04-28,402.5309143066406,SPY,-0.0010096941403092696
2023-05-01,402.1244812011719,SPY,-0.011239210689381274
2023-05-02,397.60491943359375,SPY,-0.006863990762560057
2023-05-03,394.8757629394531,SPY,-0.007083001237548681
2023-05-04,392.078857421875,SPY,0.018512582855684023
2023-05-05,399.3372497558594,SPY,0.00026655492961169536
2023-05-08,399.4436950683594,SPY,-0.004385295070177819
2023-05-09,397.6920166015625,SPY,0.004672344978794651
2023-05-10,399.5501708984375,SPY,-0.0017439045068687875
2023-05-11,398.8533935546875,SPY,-0.0013103662935166627
2023-05-12,398.3307495117187,SPY,0.003450066508321692
2023-05-15,399.70501708984375,SPY,-0.006682708363269008
2023-05-16,397.0339050292969,SPY,0.01213904035562785
2023-05-17,401.853515625,SPY,0.00963317257921048
2023-05-18,405.7246398925781,SPY,-0.001455006605973641
2023-05-19,405.1343078613281,SPY,0.00040608820452736616
2023-05-22,405.298828125,SPY,-0.011222790861295406
2023-05-23,400.750244140625,SPY,-0.0072447886745624634
2023-05-24,397.8468933105469,SPY,0.008659742033361839
2023-05-25,401.2921447753906,SPY,0.012950642155494352
2023-05-26,406.4891357421875,SPY,0.00038101069712870306
2023-05-30,406.6440124511719,SPY,-0.005545102702749771
2023-05-31,404.3891296386719,SPY,0.009500926834101753
2023-06-01,408.231201171875,SPY,0.014461176414301669
2023-06-02,414.13470458984375,SPY,-0.0019161605516019309
2023-06-05,413.3411560058594,SPY,0.0021773633798798375
2023-06-06,414.24114990234375,SPY,-0.0034576767954038745
2023-06-07,412.808837890625,SPY,0.006048457446336641
2023-06-08,415.3056945800781,SPY,0.0017943619602611705
2023-06-09,416.0509033203125,SPY,0.009071927292550575
2023-06-12,419.8252868652344,SPY,0.0065928681996985095
2023-06-13,422.5931396484375,SPY,0.0011908981326058665
2023-06-14,423.0964050292969,SPY,0.012397555889801959
2023-06-15,428.3417663574219,SPY,-0.00340612214262237
2023-06-16,426.8827819824219,SPY,-0.005188197535118233
2023-06-20,424.66802978515625,SPY,-0.005123846593753312
2023-06-21,422.4920959472656,SPY,0.003609665000291473
2023-06-22,424.01715087890625,SPY,-0.0075599923248517165
2023-06-23,420.81158447265625,SPY,-0.004085602350949125
2023-06-26,419.0923156738281,SPY,0.010963227719411162
2023-06-27,423.6869201660156,SPY,0.0005045603831288492
2023-06-28,423.9006958007813,SPY,0.003941289430712258
2023-06-29,425.5714111328125,SPY,0.011800683880616392
2023-06-30,430.5934448242187,SPY,0.0011504862687945483
2023-07-03,431.0888366699219,SPY,-0.0014872660674325466
2023-07-05,430.44769287109375,SPY,-0.007830535607813216
2023-07-06,427.0770568847656,SPY,-0.0025247846272893337
2023-07-07,425.998779296875,SPY,0.0025311752997752013
2023-07-10,427.0770568847656,SPY,0.006368519659313732
2023-07-11,429.7969055175781,SPY,0.008046033733598135
2023-07-12,433.2550659179687,SPY,0.007936801986799802
2023-07-13,436.6937255859375,SPY,-0.0006228694343229924
2023-07-14,436.4217224121094,SPY,0.0034722156665838444
2023-07-17,437.93707275390625,SPY,0.007430634657536128
2023-07-18,441.1912231445313,SPY,0.00222370493812174
2023-07-19,442.17230224609375,SPY,-0.006634503642806822
2023-07-20,439.23870849609375,SPY,0.0
2023-07-21,439.23870849609375,SPY,0.004467318568073475
2023-07-24,441.200927734375,SPY,0.00272997561365651
2023-07-25,442.4053955078125,SPY,0.00015368972610385612
2023-07-26,442.473388671875,SPY,-0.006629989113707935
2023-07-27,439.539794921875,SPY,0.00979043022070658
2023-07-28,443.8430786132813,SPY,0.0019040350388650484
2023-07-31,444.6881713867187,SPY,-0.0028616051753478366
2023-08-01,443.4156494140625,SPY,-0.013910610464916262
2023-08-02,437.2474670410156,SPY,-0.00286612145333609
2023-08-03,435.9942626953125,SPY,-0.0045226106031780455
2023-08-04,434.0224304199219,SPY,0.008728560663594953
2023-08-07,437.8108215332031,SPY,-0.004348751950431384
2023-08-08,435.9068908691406,SPY,-0.006685337239110911
2023-08-09,432.9927062988281,SPY,0.00035902808686438803
2023-08-10,433.1481628417969,SPY,-0.0005830174998955329
2023-08-11,432.8956298828125,SPY,0.005519867150967528
2023-08-14,435.28515625,SPY,-0.011648815880394459
2023-08-15,430.214599609375,SPY,-0.007338086404234834
2023-08-16,427.0576477050781,SPY,-0.007619932363024384
2023-08-17,423.8034973144531,SPY,0.0004812347606892864
2023-08-18,424.0074462890625,SPY,0.0065063917369061475
2023-08-21,426.7662048339844,SPY,-0.002708756800048673
2023-08-22,425.6101989746094,SPY,0.011138003763696558
2023-08-23,430.35064697265625,SPY,-0.013859079701568522
2023-08-24,424.3863830566406,SPY,0.0070497579764787766
2023-08-25,427.3782043457031,SPY,0.006341324886040667
2023-08-28,430.0883483886719,SPY,0.014454839182339585
2023-08-29,436.3052062988281,SPY,0.004118669785209361
2023-08-30,438.1022033691406,SPY,-0.0014633874842894246
2023-08-31,437.4610900878906,SPY,0.0018653305173277346
2023-09-01,438.277099609375,SPY,-0.0043219827727869475
2023-09-05,436.38287353515625,SPY,-0.006722452713730398
2023-09-06,433.4493103027344,SPY,-0.0030702091286461952
2023-09-07,432.1185302734375,SPY,0.0015060389868117863
2023-09-08,432.7693176269531,SPY,0.006576553039157718
2023-09-11,435.6154479980469,SPY,-0.005485473244227768
2023-09-12,433.2258911132813,SPY,0.0011659666780923228
2023-09-13,433.73101806640625,SPY,0.008622340703231757
2023-09-14,437.4707946777344,SPY,-0.012048307075186226
2023-09-15,432.2000122070313,SPY,0.0005864148060381602
2023-09-18,432.4534606933594,SPY,-0.0020738661323221885
2023-09-19,431.5566101074219,SPY,-0.009193177942511066
2023-09-20,427.5892333984375,SPY,-0.016528368216269684
2023-09-21,420.5218811035156,SPY,-0.002248603938805216
2023-09-22,419.5762939453125,SPY,0.004205204923005024
2023-09-25,421.3406982421875,SPY,-0.014691349547734545
2023-09-26,415.150634765625,SPY,0.00039915740298046565
2023-09-27,415.31634521484375,SPY,0.005797450321057607
2023-09-28,417.72412109375,SPY,-0.002426946144881481
2023-09-29,416.7103271484375,SPY,-0.0003975169398753309
2023-10-02,416.544677734375,SPY,-0.013386145670382765
2023-10-03,410.96875,SPY,0.0072820032697134
2023-10-04,413.96142578125,SPY,-0.0003769345819085723
2023-10-05,413.8053894042969,SPY,0.011872938495491203
2023-10-06,418.7184753417969,SPY,0.006402213552836322
2023-10-09,421.3992004394531,SPY,0.005204871900883035
2023-10-10,423.592529296875,SPY,0.004096243015270673
2023-10-11,425.3276672363281,SPY,-0.006096517527236722
2023-10-12,422.7346496582031,SPY,-0.004980808420688598
2023-10-13,420.6290893554687,SPY,0.010521451735282517
2023-10-16,425.0547180175781,SPY,-4.594996637397042e-05
2023-10-17,425.0351867675781,SPY,-0.013325025580588346
2023-10-18,419.37158203125,SPY,-0.008786441650861065
2023-10-19,415.6867980957031,SPY,-0.012288028426224562
2023-10-20,410.5788269042969,SPY,-0.0017331845679529057
2023-10-23,409.8672180175781,SPY,0.007539390295050907
2023-10-24,412.9573669433594,SPY,-0.014352280301190068
2023-10-25,407.0304870605469,SPY,-0.011974365654925934
2023-10-26,402.1565551757813,SPY,-0.004532903885955619
2023-10-27,400.3336181640625,SPY,0.011955665638979651
2023-10-30,405.119873046875,SPY,0.006280316457260016
2023-10-31,407.6641540527344,SPY,0.01066464925018007
2023-11-01,412.0117492675781,SPY,0.01916449253640584
2023-11-02,419.9077453613281,SPY,0.009123344775336495
2023-11-03,423.73870849609375,SPY,0.0023004565335285054
2023-11-06,424.7135009765625,SPY,0.002846085064811321
2023-11-07,425.9222717285156,SPY,0.0007324838870381711
2023-11-08,426.2342529296875,SPY,-0.007798826993413832
2023-11-09,422.9101257324219,SPY,0.01560472391273171
2023-11-10,429.509521484375,SPY,-0.00095316469151141
2023-11-13,429.1001281738281,SPY,0.019400810184205586
2023-11-14,437.4250183105469,SPY,0.0021169225222263943
2023-11-15,438.35101318359375,SPY,0.0012232065890804833
2023-11-16,438.88720703125,SPY,0.001243754457128654
2023-11-17,439.4330749511719,SPY,0.007697712319235661
2023-11-20,442.8157043457031,SPY,-0.0021795035693893405
2023-11-21,441.8505859375,SPY,0.003860812124962809
2023-11-22,443.5564880371094,SPY,0.0006153651814628791
2023-11-24,443.8294372558594,SPY,-0.001800885253609441
2023-11-27,443.0301513671875,SPY,0.000990066136665968
2023-11-28,443.4687805175781,SPY,-0.0007035020611998455
2023-11-29,443.15679931640625,SPY,0.003937509442984766
2023-11-30,444.9017333984375,SPY,0.0059159559187682564
2023-12-01,447.53375244140625,SPY,-0.005249514039959435
2023-12-04,445.1844177246094,SPY,-0.0001969453522233655
2023-12-05,445.09674072265625,SPY,-0.004029775939959901
2023-12-06,443.3031005859375,SPY,0.007630373789184075
2023-12-07,446.6856689453125,SPY,0.004299174502746306
2023-12-08,448.6060485839844,SPY,0.003889476155759519
2023-12-11,450.3508911132813,SPY,0.004567293650824755
2023-12-12,452.40777587890625,SPY,0.01379007909745078
2023-12-13,458.6465148925781,SPY,0.0032093437928943924
2023-12-14,460.1184692382813,SPY,-0.001646397379029385
2023-12-15,459.3609313964844,SPY,0.00562510583903264
2023-12-18,461.94488525390625,SPY,0.006080857448069299
2023-12-19,464.75390625,SPY,-0.01385726075207816
2023-12-20,458.3136901855469,SPY,0.009481807292477828
2023-12-21,462.6593322753906,SPY,0.002009640761295506
2023-12-22,463.589111328125,SPY,0.004222597125329353
2023-12-26,465.5466613769531,SPY,0.0018081245710841465
2023-12-27,466.388427734375,SPY,0.00037768403001159356
2023-12-28,466.5645751953125,SPY,-0.0028949422267410263
2023-12-29,465.2138977050781,SPY,-0.00559631842527708
2024-01-02,462.61041259765625,SPY,-0.008166731733305288
2024-01-03,458.8323974609375,SPY,-0.0032211463636230286
2024-01-04,457.35443115234375,SPY,0.001369691170573173
2024-01-05,457.9808654785156,SPY,0.014275959866242083
2024-01-08,464.51898193359375,SPY,-0.001517078830942542
2024-01-09,463.8142700195313,SPY,0.005655447799110647
2024-01-10,466.4373474121094,SPY,-0.0004406505821461515
2024-01-11,466.2318115234375,SPY,0.0006927187748977381
2024-01-12,466.5547790527344,SPY,-0.00367129474249428
2024-01-16,464.8419189453125,SPY,-0.005558517168528732
2024-01-17,462.2580871582031,SPY,0.008892821830041697
2024-01-18,466.3688659667969,SPY,0.012466124306576898
2024-01-19,472.18267822265625,SPY,0.0021142697079887807
2024-01-22,473.1809997558594,SPY,0.0029165708654421696
2024-01-23,474.5610656738281,SPY,0.0010930896579814942
2024-01-24,475.0798034667969,SPY,0.005438924831129732
2024-01-25,477.6637268066406,SPY,-0.001270373883096032
2024-01-26,477.0569152832031,SPY,0.00791935825287804
2024-01-29,480.83489990234375,SPY,-0.000773546683618509
2024-01-30,480.46295166015625,SPY,-0.016317397123059796
2024-01-31,472.623046875,SPY,0.013088277378989543
2024-02-01,478.8088684082031,SPY,0.010527349661804797
2024-02-02,483.8494567871094,SPY,-0.0036411103554327973
2024-02-05,482.0877075195313,SPY,0.0029033268869820272
2024-02-06,483.48736572265625,SPY,0.008340384855967997
2024-02-07,487.5198364257813,SPY,0.00044156356318114653
2024-02-08,487.735107421875,SPY,0.005779526900838494
2024-02-09,490.5539855957031,SPY,-0.00043895684791661616
2024-02-12,490.3386535644531,SPY,-0.013773091219329126
2024-02-13,483.5851745605469,SPY,0.009087714158905413
2024-02-14,487.9798583984375,SPY,0.006899633798962412
2024-02-15,491.34674072265625,SPY,-0.00497992292140903
2024-02-16,488.8998718261719,SPY,-0.005505337581367842
2024-02-20,486.2083129882813,SPY,0.000905845654495474
2024-02-21,486.6487426757813,SPY,0.02069537991582604
2024-02-22,496.7201232910156,SPY,0.0006897663966971557
2024-02-23,497.062744140625,SPY,-0.003662568044994763
2024-02-26,495.2422180175781,SPY,0.001857703956292589
2024-02-27,496.1622314453125,SPY,-0.0013215449343730867
2024-02-28,495.5065307617187,SPY,0.003594867891730802
2024-02-29,497.2878112792969,SPY,0.009388328179338545
2024-03-01,501.9565124511719,SPY,-0.0010724635795563708
2024-03-04,501.4181823730469,SPY,-0.009994113984924669
2024-03-05,496.4069519042969,SPY,0.005067236402116482
2024-03-06,498.92236328125,SPY,0.00992630111969861
2024-03-07,503.8748168945313,SPY,-0.006002191270410018
2024-03-08,500.8504638671875,SPY,-0.0008597436927959556
2024-03-11,500.41986083984375,SPY,0.010757324263475754
2024-03-12,505.8030395507813,SPY,-0.0015674404859519209
2024-03-13,505.0102233886719,SPY,-0.001976773873856197
2024-03-14,504.0119323730469,SPY,-0.006866716361509262
2024-03-15,500.551025390625,SPY,0.0059432183379937165
2024-03-18,503.5259094238281,SPY,0.005557125633282922
2024-03-19,506.3240661621094,SPY,0.009249225509361025
2024-03-20,511.0071716308594,SPY,0.003304750528869471
2024-03-21,512.6959228515625,SPY,-0.0018957715526528585
2024-03-22,511.7239685058594,SPY,-0.0027628535038197732
2024-03-25,510.3101501464844,SPY,-0.0018469854070510827
2024-03-26,509.36761474609375,SPY,0.00840395140890049
2024-03-27,513.6483154296875,SPY,-0.00019119222911123668
2024-03-28,513.5501098632812,SPY,-0.001739837330736127
2024-04-01,512.6566162109375,SPY,-0.006358098932705114
2024-04-02,509.3970947265625,SPY,0.0010985552054993963
2024-04-03,509.9566955566406,SPY,-0.012206093010755592
2024-04-04,503.7321166992187,SPY,0.010446802898336882
2024-04-05,508.9945068359375,SPY,0.0005593950427407179
2024-04-08,509.27923583984375,SPY,0.0011568149734821898
2024-04-09,509.8683776855469,SPY,-0.010013247449463414
2024-04-10,504.762939453125,SPY,0.0075469441729152376
2024-04-11,508.5723571777344,SPY,-0.013802963942355584
2024-04-12,501.5525512695313,SPY,-0.012528237210702176
2024-04-15,495.26898193359375,SPY,-0.0018237751813515723
2024-04-16,494.36572265625,SPY,-0.00591825265368251
2024-04-17,491.43994140625,SPY,-0.0020576888110811486
2024-04-18,490.4287109375,SPY,-0.008728362661016842
2024-04-19,486.1480712890625,SPY,0.009209170061707184
2024-04-22,490.6250915527344,SPY,0.011866600592169929
2024-04-23,496.4471435546875,SPY,-0.00047456351835983845
2024-04-24,496.2115478515625,SPY,-0.0037989871991517266
2024-04-25,494.3264465332031,SPY,0.009473895346543637
2024-04-26,499.0096435546875,SPY,0.0035414995571061425
2024-04-29,500.7768859863281,SPY,-0.015841231065720218
2024-04-30,492.8439636230469,SPY,-0.003247219064403839
2024-05-01,491.24359130859375,SPY,0.009353503463673807
2024-05-02,495.83843994140625,SPY,0.012395220128666118
2024-05-03,501.9844665527344,SPY,0.010326811427812777
2024-05-06,507.1683654785156,SPY,0.0011035632758451541
2024-05-07,507.7280578613281,SPY,9.65905808976153e-05
2024-05-08,507.777099609375,SPY,0.005761940135249777
2024-05-09,510.702880859375,SPY,0.001288101044105261
2024-05-10,511.3607177734375,SPY,0.00013433778929772267
2024-05-13,511.4294128417969,SPY,0.00458817393112132
2024-05-14,513.7759399414062,SPY,0.01238306640586706
2024-05-15,520.1380615234375,SPY,-0.002057512243101356
2024-05-16,519.06787109375,SPY,0.001437489828804095
2024-05-17,519.8140258789062,SPY,0.001151981070453445
2024-05-20,520.412841796875,SPY,0.002452722377582095
2024-05-21,521.6892700195312,SPY,-0.0028796036014407944
2024-05-22,520.18701171875,SPY,-0.0073041029978138106
2024-05-23,516.3875122070312,SPY,0.00661651750081238
2024-05-24,519.80419921875,SPY,0.0006986461060400906
2024-05-28,520.1673583984375,SPY,-0.0070023521482508455
2024-05-29,516.5249633789062,SPY,-0.00663366319084413
2024-05-30,513.0985107421875,SPY,0.009107956290564934
2024-05-31,517.7717895507812,SPY,0.0008154967486810882
2024-06-03,518.1940307617188,SPY,0.0011176558649370616
2024-06-04,518.773193359375,SPY,0.011885410808534003
2024-06-05,524.9390258789062,SPY,-1.8952163924335075e-05
2024-06-06,524.9290771484375,SPY,-0.0012155194886586118
2024-06-07,524.291015625,SPY,0.0030897612847706757
2024-06-10,525.9109497070312,SPY,0.0024082794397972673
2024-06-11,527.177490234375,SPY,0.008213006044961446
2024-06-12,531.5072021484375,SPY,0.002013501275921703
2024-06-13,532.577392578125,SPY,0.0006083146109652215
2024-06-14,532.9013671875,SPY,0.007958945630402559
2024-06-17,537.1427001953125,SPY,0.0025408650781439945
2024-06-18,538.5075073242188,SPY,-0.002716678301154074
2024-06-20,537.0445556640625,SPY,-0.0013406163334711563
2024-06-21,536.3245849609375,SPY,-0.003250544943964706
2024-06-24,534.5812377929688,SPY,0.003850738801351117
2024-06-25,536.6397705078125,SPY,0.0012482504589808041
2024-06-26,537.3096313476562,SPY,0.00157634409261731
2024-06-27,538.1566162109375,SPY,-0.003935168225407737
2024-06-28,536.0388793945312,SPY,0.002058079164826365
2024-07-01,537.14208984375,SPY,0.006729817365669577
2024-07-02,540.7569580078125,SPY,0.004462535223858088
2024-07-03,543.1701049804688,SPY,0.005766409241896531
2024-07-05,546.30224609375,SPY,0.0011539987862287937
2024-07-08,546.9326782226562,SPY,0.0009726652713524242
2024-07-09,547.4646606445312,SPY,0.00989502278848664
2024-07-10,552.8818359375,SPY,-0.008622478808657075
2024-07-11,548.1146240234375,SPY,0.006307577355347371
2024-07-12,551.5718994140625,SPY,0.0027501523190225363
2024-07-15,553.0888061523438,SPY,0.00592994311178785
2024-07-16,556.3685913085938,SPY,-0.014021106586848409
2024-07-17,548.5676879882812,SPY,-0.007684807726264231
2024-07-18,544.35205078125,SPY,-0.006640568587402806
2024-07-19,540.7372436523438,SPY,0.010309907884686664
2024-07-22,546.3121948242188,SPY,-0.0015685785561234677
2024-07-23,545.4552612304688,SPY,-0.022662628952238584
2024-07-24,533.0938110351562,SPY,-0.00521043176319691
2024-07-25,530.316162109375,SPY,0.011199834267496822
2024-07-26,536.255615234375,SPY,0.0005878662583205241
2024-07-29,536.5708618164062,SPY,-0.0050664433215256155
2024-07-30,533.8523559570312,SPY,0.01625447586312312
2024-07-31,542.5298461914062,SPY,-0.014160839770547384
2024-08-01,534.84716796875,SPY,-0.018618417388875153
2024-08-02,524.88916015625,SPY,-0.029123754736165464
2024-08-05,509.6024169921875,SPY,0.009219546583760119
2024-08-06,514.3007202148438,SPY,-0.006684070107614071
2024-08-07,510.8630981445313,SPY,0.023117376252108413
2024-08-08,522.6729125976562,SPY,0.004409776267175758
2024-08-09,524.977783203125,SPY,0.0005253896067960451
2024-08-12,525.2536010742188,SPY,0.016445622725722586
2024-08-13,533.8917236328125,SPY,0.0031545799026486687
2024-08-14,535.575927734375,SPY,0.01714041315227699
2024-08-15,544.7559204101562,SPY,0.002241834178666302
2024-08-16,545.9771728515625,SPY,0.00956156815486131
2024-08-19,551.1975708007812,SPY,-0.0016260980037141604
2024-08-20,550.30126953125,SPY,0.003436505394328604
2024-08-21,552.1923828125,SPY,-0.007848464483725226
2024-08-22,547.8585205078125,SPY,0.010625310685670852
2024-08-23,553.6796875,SPY,-0.00238384265073166
2024-08-26,552.3598022460938,SPY,0.0013730594595742218
2024-08-27,553.1182250976562,SPY,-0.005805155849697541
2024-08-28,549.9072875976562,SPY,8.934833541829335e-05
2024-08-29,549.9564208984375,SPY,0.009546321918706635
2024-08-30,555.2064819335938,SPY,-0.020579117051904405
2024-09-03,543.7808227539062,SPY,-0.0020467365299537965
2024-09-04,542.6678466796875,SPY,-0.00243232816747585
2024-09-05,541.347900390625,SPY,-0.016830141776643548
2024-09-06,532.2369384765625,SPY,0.011196112002403558
2024-09-09,538.1959228515625,SPY,0.004355847409592606
2024-09-10,540.5402221679688,SPY,0.010258901916406549
2024-09-11,546.0855712890625,SPY,0.00842320823385001
2024-09-12,550.6853637695312,SPY,0.005222762074381437
2024-09-13,553.5614624023438,SPY,0.0014770301197930547
2024-09-16,554.3790893554688,SPY,0.0004085678359677658
2024-09-17,554.6055908203125,SPY,-0.0029658869080358974
2024-09-18,552.960693359375,SPY,0.01706434688623526
2024-09-19,562.3966064453125,SPY,-0.0017287248762956064
2024-09-20,561.4243774414062,SPY,0.002499027817624677
2024-09-23,562.827392578125,SPY,0.002861290368756819
2024-09-24,564.4378051757812,SPY,-0.0022056178211584676
2024-09-25,563.19287109375,SPY,0.003964734411345816
2024-09-26,565.42578125,SPY,-0.001450139551913976
2024-09-27,564.6058349609375,SPY,0.004007133883112468
2024-09-30,566.8682861328125,SPY,-0.008958532748609138
2024-10-01,561.7899780273438,SPY,0.00042219090134065773
2024-10-02,562.0271606445312,SPY,-0.0018282512437484133
2024-10-03,560.9996337890625,SPY,0.00908728120078961
2024-10-04,566.0975952148438,SPY,-0.009040379008259158
2024-10-07,560.9798583984375,SPY,0.009457633661455356
2024-10-08,566.285400390625,SPY,0.006926262284409734
2024-10-09,570.2076416015625,SPY,-0.0017497866153044495
2024-10-10,569.2098999023438,SPY,0.005988139527028702
2024-10-11,572.618408203125,SPY,0.008178405377231135
2024-10-14,577.301513671875,SPY,-0.007769724358217989
2024-10-15,572.8160400390625,SPY,0.004346288946915244
2024-10-16,575.3056640625,SPY,8.593427746461657e-05
2024-10-17,575.3551025390625,SPY,0.003846554511915068
2024-10-18,577.5682373046875,SPY,-0.00164220652532987
2024-10-21,576.6197509765625,SPY,-0.0005310490637679965
2024-10-22,576.3135375976562,SPY,-0.009137477956955742
2024-10-23,571.0474853515625,SPY,0.0021626666489953372
2024-10-24,572.282470703125,SPY,-0.0003453396636361461
2024-10-25,572.0848388671875,SPY,0.003091420305775028
2024-10-28,573.8533935546875,SPY,0.0016182702982574515
2024-10-29,574.7820434570312,SPY,-0.0030250936873256196
2024-10-30,573.0432739257812,SPY,-0.01960326736034146
2024-10-31,561.8097534179688,SPY,0.004220674001984337
2024-11-01,564.1809692382812,SPY,-0.0021540446458775397
2024-11-04,562.9656982421875,SPY,0.012091877059248857
2024-11-05,569.7730102539062,SPY,0.024865452240191654
2024-11-06,583.940673828125,SPY,0.007732183971961071
2024-11-07,588.455810546875,SPY,0.004331695234855104
2024-11-08,591.0048217773438,SPY,0.000952904893440909
2024-11-11,591.5679931640625,SPY,-0.0031063994428538466
2024-11-12,589.7303466796875,SPY,0.000485813601166285
2024-11-13,590.016845703125,SPY,-0.006430128741193086
2024-11-14,586.2229614257812,SPY,-0.01280865561642519
2024-11-15,578.7142333984375,SPY,0.004097386384274371
2024-11-18,581.08544921875,SPY,0.00365558378001829
2024-11-19,583.2096557617188,SPY,0.00033876462577286937
2024-11-20,583.4072265625,SPY,0.00536828621597607
2024-11-21,586.5391235351562,SPY,0.0030994217707922544
2024-11-22,588.3570556640625,SPY,0.0033921384217381334
2024-11-25,590.3528442382812,SPY,0.005221486711438406
2024-11-26,593.4353637695312,SPY,-0.0030302858885439266
2024-11-27,591.6370849609375,SPY,0.006212279677000332
2024-11-29,595.3125,SPY,0.0017923638451442514
2024-12-02,596.3795166015625,SPY,0.0004638176201980926
2024-12-03,596.6561279296875,SPY,0.006209533232388376
2024-12-04,600.361083984375,SPY,-0.0016456364354296982
2024-12-05,599.3731079101562,SPY,0.0018955962798452575
2024-12-06,600.50927734375,SPY,-0.005149641051743981
2024-12-09,597.4168701171875,SPY,-0.0031090884236926186
2024-12-10,595.5594482421875,SPY,0.007730655529007757
2024-12-11,600.1635131835938,SPY,-0.005152709542962097
2024-12-12,597.071044921875,SPY,-0.00019841732284431313
2024-12-13,596.9525756835938,SPY,0.0042699375111894255
2024-12-16,599.5015258789062,SPY,-0.004120142537852645
2024-12-17,597.031494140625,SPY,-0.029803417870232773
2024-12-18,579.2379150390625,SPY,-0.0003071578635468475
2024-12-19,579.0599975585938,SPY,0.012011085534280097
2024-12-20,586.01513671875,SPY,0.005988269054350237
2024-12-23,589.5243530273438,SPY,0.011114979789863533
2024-12-24,596.076904296875,SPY,6.676138865335801e-05
2024-12-26,596.11669921875,SPY,-0.010526605708987335
2024-12-27,589.8416137695312,SPY,-0.011411568647030523
2024-12-30,583.110595703125,SPY,
,,,
