date,close,ticker
,SPY,
2018-01-02,237.90914916992188,SPY
2018-01-03,239.4139404296875,SPY
2018-01-04,240.4230499267578,SPY
2018-01-05,242.0252227783203,SPY
2018-01-08,242.46786499023438,SPY
2018-01-09,243.01663208007812,SPY
2018-01-10,242.64491271972656,SPY
2018-01-11,244.41513061523438,SPY
2018-01-12,246.00851440429688,SPY
2018-01-16,245.16761779785156,SPY
2018-01-17,247.5044403076172,SPY
2018-01-18,247.08848571777344,SPY
2018-01-19,248.212646484375,SPY
2018-01-22,250.23080444335938,SPY
2018-01-23,250.761962890625,SPY
2018-01-24,250.66448974609375,SPY
2018-01-25,250.77076721191406,SPY
2018-01-26,253.6741485595703,SPY
2018-01-29,251.9923858642578,SPY
2018-01-30,249.40768432617188,SPY
2018-01-31,249.53160095214844,SPY
2018-02-01,249.2482147216797,SPY
2018-02-02,243.8221435546875,SPY
2018-02-05,233.6248779296875,SPY
2018-02-06,238.2278594970703,SPY
2018-02-07,236.93551635742188,SPY
2018-02-08,228.0482940673828,SPY
2018-02-09,231.47389221191406,SPY
2018-02-12,234.873046875,SPY
2018-02-13,235.45721435546875,SPY
2018-02-14,238.635009765625,SPY
2018-02-15,241.68003845214844,SPY
2018-02-16,241.7508544921875,SPY
2018-02-20,240.2371368408203,SPY
2018-02-21,239.0421600341797,SPY
2018-02-22,239.3519744873047,SPY
2018-02-23,243.16705322265625,SPY
2018-02-26,245.99082946777344,SPY
2018-02-27,242.91920471191406,SPY
2018-02-28,240.4584503173828,SPY
2018-03-01,236.96206665039062,SPY
2018-03-02,238.18357849121094,SPY
2018-03-05,240.93643188476562,SPY
2018-03-06,241.54722595214844,SPY
2018-03-07,241.45870971679688,SPY
2018-03-08,242.62718200683594,SPY
2018-03-09,246.84945678710938,SPY
2018-03-12,246.53965759277344,SPY
2018-03-13,244.9462890625,SPY
2018-03-14,243.68936157226562,SPY
2018-03-15,243.42381286621094,SPY
2018-03-16,243.68775939941406,SPY
2018-03-19,240.39064025878906,SPY
2018-03-20,240.7994384765625,SPY
2018-03-21,240.3372802734375,SPY
2018-03-22,234.32948303222656,SPY
2018-03-23,229.33485412597656,SPY
2018-03-26,235.6092987060547,SPY
2018-03-27,231.60113525390625,SPY
2018-03-28,230.91680908203125,SPY
2018-03-29,233.86737060546875,SPY
2018-04-02,228.8194580078125,SPY
2018-04-03,231.75221252441406,SPY
2018-04-04,234.23171997070312,SPY
2018-04-05,236.08030700683594,SPY
2018-04-06,230.81912231445312,SPY
2018-04-09,231.9566192626953,SPY
2018-04-10,235.64480590820312,SPY
2018-04-11,234.4094696044922,SPY
2018-04-12,236.3380126953125,SPY
2018-04-13,235.64480590820312,SPY
2018-04-16,237.58224487304688,SPY
2018-04-17,240.1239013671875,SPY
2018-04-18,240.30177307128906,SPY
2018-04-19,238.9686279296875,SPY
2018-04-20,236.94232177734375,SPY
2018-04-23,236.9067840576172,SPY
2018-04-24,233.71624755859375,SPY
2018-04-25,234.29393005371094,SPY
2018-04-26,236.67578125,SPY
2018-04-27,236.89791870117188,SPY
2018-04-30,235.07601928710938,SPY
2018-05-01,235.49375915527344,SPY
2018-05-02,233.91183471679688,SPY
2018-05-03,233.39634704589844,SPY
2018-05-04,236.41798400878906,SPY
2018-05-07,237.21788024902344,SPY
2018-05-08,237.21788024902344,SPY
2018-05-09,239.51075744628906,SPY
2018-05-10,241.75027465820312,SPY
2018-05-11,242.488037109375,SPY
2018-05-14,242.60353088378906,SPY
2018-05-15,240.9326934814453,SPY
2018-05-16,241.9458465576172,SPY
2018-05-17,241.74142456054688,SPY
2018-05-18,241.13706970214844,SPY
2018-05-21,242.9501190185547,SPY
2018-05-22,242.2747344970703,SPY
2018-05-23,242.9412078857422,SPY
2018-05-24,242.44358825683594,SPY
2018-05-25,241.86587524414062,SPY
2018-05-29,239.0841522216797,SPY
2018-05-30,242.2747344970703,SPY
2018-05-31,240.79049682617188,SPY
2018-06-01,243.15455627441406,SPY
2018-06-04,244.3098602294922,SPY
2018-06-05,244.48765563964844,SPY
2018-06-06,246.5316925048828,SPY
2018-06-07,246.5050506591797,SPY
2018-06-08,247.23377990722656,SPY
2018-06-11,247.56256103515625,SPY
2018-06-12,247.88253784179688,SPY
2018-06-13,247.09149169921875,SPY
2018-06-14,247.7136688232422,SPY
2018-06-15,247.3976593017578,SPY
2018-06-18,246.8887939453125,SPY
2018-06-19,245.94252014160156,SPY
2018-06-20,246.362060546875,SPY
2018-06-21,244.81768798828125,SPY
2018-06-22,245.26409912109375,SPY
2018-06-25,241.92530822753906,SPY
2018-06-26,242.46092224121094,SPY
2018-06-27,240.452392578125,SPY
2018-06-28,241.82717895507812,SPY
2018-06-29,242.1753387451172,SPY
2018-07-02,242.6929931640625,SPY
2018-07-03,241.8360137939453,SPY
2018-07-05,243.80892944335938,SPY
2018-07-06,245.87115478515625,SPY
2018-07-09,248.08502197265625,SPY
2018-07-10,248.97779846191406,SPY
2018-07-11,247.15658569335938,SPY
2018-07-12,249.39736938476562,SPY
2018-07-13,249.5937042236328,SPY
2018-07-16,249.37051391601562,SPY
2018-07-17,250.37936401367188,SPY
2018-07-18,250.90602111816406,SPY
2018-07-19,249.95977783203125,SPY
2018-07-20,249.67404174804688,SPY
2018-07-23,250.1382598876953,SPY
2018-07-24,251.39706420898438,SPY
2018-07-25,253.53952026367188,SPY
2018-07-26,252.9413604736328,SPY
2018-07-27,251.22735595703125,SPY
2018-07-30,249.91517639160156,SPY
2018-07-31,251.1470489501953,SPY
2018-08-01,250.72760009765625,SPY
2018-08-02,252.09335327148438,SPY
2018-08-03,253.17359924316406,SPY
2018-08-06,254.1019287109375,SPY
2018-08-07,254.94107055664062,SPY
2018-08-08,254.83395385742188,SPY
2018-08-09,254.48583984375,SPY
2018-08-10,252.7807159423828,SPY
2018-08-13,251.8345184326172,SPY
2018-08-14,253.44140625,SPY
2018-08-15,251.54876708984375,SPY
2018-08-16,253.5841064453125,SPY
2018-08-17,254.47682189941406,SPY
2018-08-20,255.02149963378906,SPY
2018-08-21,255.61956787109375,SPY
2018-08-22,255.4677276611328,SPY
2018-08-23,255.1285858154297,SPY
2018-08-24,256.66400146484375,SPY
2018-08-27,258.6905212402344,SPY
2018-08-28,258.8154296875,SPY
2018-08-29,260.2080078125,SPY
2018-08-30,259.1546936035156,SPY
2018-08-31,259.16357421875,SPY
2018-09-04,258.7173156738281,SPY
2018-09-05,258.02099609375,SPY
2018-09-06,257.24432373046875,SPY
2018-09-07,256.74432373046875,SPY
2018-09-10,257.1907043457031,SPY
2018-09-11,258.0387878417969,SPY
2018-09-12,258.1012268066406,SPY
2018-09-13,259.62786865234375,SPY
2018-09-14,259.6724853515625,SPY
2018-09-17,258.29766845703125,SPY
2018-09-18,259.69921875,SPY
2018-09-19,259.9760437011719,SPY
2018-09-20,262.0826721191406,SPY
2018-09-21,261.84326171875,SPY
2018-09-24,260.973388671875,SPY
2018-09-25,260.73138427734375,SPY
2018-09-26,259.95123291015625,SPY
2018-09-27,260.6775207519531,SPY
2018-09-28,260.7044677734375,SPY
2018-10-01,261.6102294921875,SPY
2018-10-02,261.457763671875,SPY
2018-10-03,261.6012268066406,SPY
2018-10-04,259.55670166015625,SPY
2018-10-05,258.1039123535156,SPY
2018-10-08,258.1039123535156,SPY
2018-10-09,257.7272644042969,SPY
2018-10-10,249.5667724609375,SPY
2018-10-11,244.0697021484375,SPY
2018-10-12,247.45944213867188,SPY
2018-10-15,246.0694122314453,SPY
2018-10-16,251.44993591308594,SPY
2018-10-17,251.4947967529297,SPY
2018-10-18,247.86289978027344,SPY
2018-10-19,247.7284393310547,SPY
2018-10-22,246.61659240722656,SPY
2018-10-23,245.36097717285156,SPY
2018-10-24,237.92694091796875,SPY
2018-10-25,242.1954345703125,SPY
2018-10-26,237.9358367919922,SPY
2018-10-29,236.61764526367188,SPY
2018-10-30,240.12393188476562,SPY
2018-10-31,242.6886749267578,SPY
2018-11-01,245.2713623046875,SPY
2018-11-02,243.81858825683594,SPY
2018-11-05,245.16371154785156,SPY
2018-11-06,246.71514892578125,SPY
2018-11-07,251.99693298339844,SPY
2018-11-08,251.53965759277344,SPY
2018-11-09,249.08251953125,SPY
2018-11-12,244.42837524414062,SPY
2018-11-13,243.97091674804688,SPY
2018-11-14,242.3031005859375,SPY
2018-11-15,244.8319549560547,SPY
2018-11-16,245.4687042236328,SPY
2018-11-19,241.31661987304688,SPY
2018-11-20,236.8507843017578,SPY
2018-11-21,237.65789794921875,SPY
2018-11-23,236.07066345214844,SPY
2018-11-26,239.8819122314453,SPY
2018-11-27,240.6889190673828,SPY
2018-11-28,246.2308807373047,SPY
2018-11-29,245.6928253173828,SPY
2018-11-30,247.19033813476562,SPY
2018-12-03,250.46351623535156,SPY
2018-12-04,242.3479461669922,SPY
2018-12-06,241.98025512695312,SPY
2018-12-07,236.35755920410156,SPY
2018-12-10,236.80599975585938,SPY
2018-12-11,236.8597869873047,SPY
2018-12-12,238.05247497558594,SPY
2018-12-13,237.97174072265625,SPY
2018-12-14,233.57765197753906,SPY
2018-12-17,228.99520874023438,SPY
2018-12-18,228.7441864013672,SPY
2018-12-19,225.31857299804688,SPY
2018-12-20,221.65078735351562,SPY
2018-12-21,217.10928344726562,SPY
2018-12-24,211.37257385253906,SPY
2018-12-26,222.05218505859375,SPY
2018-12-27,223.7570037841797,SPY
2018-12-28,223.46835327148438,SPY
2018-12-31,225.4256591796875,SPY
2019-01-02,225.6602020263672,SPY
2019-01-03,220.2753143310547,SPY
2019-01-04,227.653564453125,SPY
2019-01-07,229.4485321044922,SPY
2019-01-08,231.60427856445312,SPY
2019-01-09,232.6866912841797,SPY
2019-01-10,233.5075225830078,SPY
2019-01-11,233.5977020263672,SPY
2019-01-14,232.1725311279297,SPY
2019-01-15,234.83340454101562,SPY
2019-01-16,235.40167236328125,SPY
2019-01-17,237.1876678466797,SPY
2019-01-18,240.3446044921875,SPY
2019-01-22,237.09739685058594,SPY
2019-01-23,237.59353637695312,SPY
2019-01-24,237.7198028564453,SPY
2019-01-25,239.73126220703125,SPY
2019-01-28,237.90921020507812,SPY
2019-01-29,237.59353637695312,SPY
2019-01-30,241.35479736328125,SPY
2019-01-31,243.4744873046875,SPY
2019-02-01,243.59170532226562,SPY
2019-02-04,245.3055877685547,SPY
2019-02-05,246.33384704589844,SPY
2019-02-06,246.0091094970703,SPY
2019-02-07,243.66390991210938,SPY
2019-02-08,243.96151733398438,SPY
2019-02-11,244.0968475341797,SPY
2019-02-12,247.23582458496094,SPY
2019-02-13,248.03854370117188,SPY
2019-02-14,247.4883575439453,SPY
2019-02-15,250.18531799316406,SPY
2019-02-19,250.6182098388672,SPY
2019-02-20,251.12347412109375,SPY
2019-02-21,250.23036193847656,SPY
2019-02-22,251.78176879882812,SPY
2019-02-25,252.12454223632812,SPY
2019-02-26,251.94419860839844,SPY
2019-02-27,251.8359832763672,SPY
2019-02-28,251.3668670654297,SPY
2019-03-01,252.9364471435547,SPY
2019-03-04,252.01626586914062,SPY
2019-03-05,251.67355346679688,SPY
2019-03-06,250.1491241455078,SPY
2019-03-07,248.05670166015625,SPY
2019-03-08,247.5605010986328,SPY
2019-03-11,251.1504669189453,SPY
2019-03-12,252.0974578857422,SPY
2019-03-13,253.7661895751953,SPY
2019-03-14,253.60385131835938,SPY
2019-03-15,254.85678100585938,SPY
2019-03-18,255.78086853027344,SPY
2019-03-19,255.8443145751953,SPY
2019-03-20,255.0742645263672,SPY
2019-03-21,257.9552307128906,SPY
2019-03-22,252.99046325683594,SPY
2019-03-25,252.80023193359375,SPY
2019-03-26,254.68467712402344,SPY
2019-03-27,253.35289001464844,SPY
2019-03-28,254.31317138671875,SPY
2019-03-29,255.91677856445312,SPY
2019-04-01,258.95172119140625,SPY
2019-04-02,259.0786437988281,SPY
2019-04-03,259.4862365722656,SPY
2019-04-04,260.1748352050781,SPY
2019-04-05,261.43414306640625,SPY
2019-04-08,261.6333923339844,SPY
2019-04-09,260.29254150390625,SPY
2019-04-10,261.1804504394531,SPY
2019-04-11,261.1079406738281,SPY
2019-04-12,262.87457275390625,SPY
2019-04-15,262.70245361328125,SPY
2019-04-16,262.87457275390625,SPY
2019-04-17,262.2313537597656,SPY
2019-04-18,262.74774169921875,SPY
2019-04-22,262.9742126464844,SPY
2019-04-23,265.3387451171875,SPY
2019-04-24,264.7499084472656,SPY
2019-04-25,264.5868225097656,SPY
2019-04-26,265.8190002441406,SPY
2019-04-29,266.2357177734375,SPY
2019-04-30,266.37158203125,SPY
2019-05-01,264.3694763183594,SPY
2019-05-02,263.7986145019531,SPY
2019-05-03,266.380615234375,SPY
2019-05-06,265.2844543457031,SPY
2019-05-07,260.8542785644531,SPY
2019-05-08,260.491943359375,SPY
2019-05-09,259.7037658691406,SPY
2019-05-10,261.0083312988281,SPY
2019-05-13,254.44911193847656,SPY
2019-05-14,256.7502136230469,SPY
2019-05-15,258.2541198730469,SPY
2019-05-16,260.64593505859375,SPY
2019-05-17,258.9608459472656,SPY
2019-05-20,257.2485046386719,SPY
2019-05-21,259.5678405761719,SPY
2019-05-22,258.7704772949219,SPY
2019-05-23,255.6088409423828,SPY
2019-05-24,256.1885681152344,SPY
2019-05-28,253.80587768554688,SPY
2019-05-29,252.1027069091797,SPY
2019-05-30,252.7912139892578,SPY
2019-05-31,249.38473510742188,SPY
2019-06-03,248.75064086914062,SPY
2019-06-04,254.15017700195312,SPY
2019-06-05,256.35162353515625,SPY
2019-06-06,258.0185852050781,SPY
2019-06-07,260.60064697265625,SPY
2019-06-10,261.7965087890625,SPY
2019-06-11,261.7331237792969,SPY
2019-06-12,261.2711181640625,SPY
2019-06-13,262.3491516113281,SPY
2019-06-14,262.059326171875,SPY
2019-06-17,262.1589050292969,SPY
2019-06-18,264.9039306640625,SPY
2019-06-19,265.5018615722656,SPY
2019-06-20,268.0386047363281,SPY
2019-06-21,267.64910888671875,SPY
2019-06-24,267.3211975097656,SPY
2019-06-25,264.6993408203125,SPY
2019-06-26,264.4352722167969,SPY
2019-06-27,265.373046875,SPY
2019-06-28,266.73858642578125,SPY
2019-07-01,269.16015625,SPY
2019-07-02,269.86114501953125,SPY
2019-07-03,272.0187072753906,SPY
2019-07-05,271.7091979980469,SPY
2019-07-08,270.2162170410156,SPY
2019-07-09,270.5530090332031,SPY
2019-07-10,271.845703125,SPY
2019-07-11,272.4830017089844,SPY
2019-07-12,273.70294189453125,SPY
2019-07-15,273.7939453125,SPY
2019-07-16,272.91082763671875,SPY
2019-07-17,271.05377197265625,SPY
2019-07-18,272.04608154296875,SPY
2019-07-19,270.53485107421875,SPY
2019-07-22,271.199462890625,SPY
2019-07-23,273.1384582519531,SPY
2019-07-24,274.422119140625,SPY
2019-07-25,273.1112060546875,SPY
2019-07-26,274.94097900390625,SPY
2019-07-29,274.4403076171875,SPY
2019-07-30,273.7666015625,SPY
2019-07-31,270.7715148925781,SPY
2019-08-01,268.41363525390625,SPY
2019-08-02,266.3926696777344,SPY
2019-08-05,258.3813781738281,SPY
2019-08-06,262.0046081542969,SPY
2019-08-07,262.159423828125,SPY
2019-08-08,267.302978515625,SPY
2019-08-09,265.4822692871094,SPY
2019-08-12,262.2505187988281,SPY
2019-08-13,266.3288269042969,SPY
2019-08-14,258.4542236328125,SPY
2019-08-15,259.1369934082031,SPY
2019-08-16,262.96051025390625,SPY
2019-08-19,266.12860107421875,SPY
2019-08-20,264.0894775390625,SPY
2019-08-21,266.2379455566406,SPY
2019-08-22,266.1559753417969,SPY
2019-08-23,259.3190002441406,SPY
2019-08-26,262.1866760253906,SPY
2019-08-27,261.157958984375,SPY
2019-08-28,262.9970397949219,SPY
2019-08-29,266.3562316894531,SPY
2019-08-30,266.2379455566406,SPY
2019-09-03,264.68115234375,SPY
2019-09-04,267.685302734375,SPY
2019-09-05,271.1265869140625,SPY
2019-09-06,271.3359069824219,SPY
2019-09-09,271.4725646972656,SPY
2019-09-10,271.4087219238281,SPY
2019-09-11,273.3387145996094,SPY
2019-09-12,274.2856140136719,SPY
2019-09-13,274.1034240722656,SPY
2019-09-16,273.2568664550781,SPY
2019-09-17,273.9487609863281,SPY
2019-09-18,274.1125793457031,SPY
2019-09-19,274.0943603515625,SPY
2019-09-20,272.79931640625,SPY
2019-09-23,272.7353515625,SPY
2019-09-24,270.5951843261719,SPY
2019-09-25,272.1955871582031,SPY
2019-09-26,271.6286315917969,SPY
2019-09-27,270.16534423828125,SPY
2019-09-30,271.4183349609375,SPY
2019-10-01,268.1898193359375,SPY
2019-10-02,263.4523620605469,SPY
2019-10-03,265.6108703613281,SPY
2019-10-04,269.20501708984375,SPY
2019-10-07,268.0435791015625,SPY
2019-10-08,263.8822326660156,SPY
2019-10-09,266.3880920410156,SPY
2019-10-10,268.1898193359375,SPY
2019-10-11,270.9701843261719,SPY
2019-10-14,270.6684265136719,SPY
2019-10-15,273.3481140136719,SPY
2019-10-16,272.9091491699219,SPY
2019-10-17,273.7139587402344,SPY
2019-10-18,272.515869140625,SPY
2019-10-21,274.36334228515625,SPY
2019-10-22,273.46697998046875,SPY
2019-10-23,274.26263427734375,SPY
2019-10-24,274.7108459472656,SPY
2019-10-25,275.8357849121094,SPY
2019-10-28,277.3905944824219,SPY
2019-10-29,277.3081359863281,SPY
2019-10-30,278.1587829589844,SPY
2019-10-31,277.4179992675781,SPY
2019-11-01,279.9879455566406,SPY
2019-11-04,281.11285400390625,SPY
2019-11-05,280.8018493652344,SPY
2019-11-06,280.86590576171875,SPY
2019-11-07,281.8536376953125,SPY
2019-11-08,282.54876708984375,SPY
2019-11-11,282.0091247558594,SPY
2019-11-12,282.603515625,SPY
2019-11-13,282.6950378417969,SPY
2019-11-14,283.1065979003906,SPY
2019-11-15,285.1552429199219,SPY
2019-11-18,285.36553955078125,SPY
2019-11-19,285.2832946777344,SPY
2019-11-20,284.22235107421875,SPY
2019-11-21,283.76507568359375,SPY
2019-11-22,284.39617919921875,SPY
2019-11-25,286.6002502441406,SPY
2019-11-26,287.2496337890625,SPY
2019-11-27,288.5299987792969,SPY
2019-11-29,287.46002197265625,SPY
2019-12-02,285.0181579589844,SPY
2019-12-03,283.1065979003906,SPY
2019-12-04,284.8533630371094,SPY
2019-12-05,285.36553955078125,SPY
2019-12-06,287.9721984863281,SPY
2019-12-09,287.0667419433594,SPY
2019-12-10,286.7466125488281,SPY
2019-12-11,287.5606384277344,SPY
2019-12-12,290.03900146484375,SPY
2019-12-13,290.2127685546875,SPY
2019-12-16,292.2066345214844,SPY
2019-12-17,292.2706604003906,SPY
2019-12-18,292.28900146484375,SPY
2019-12-19,293.4869689941406,SPY
2019-12-20,294.7737731933594,SPY
2019-12-23,295.2240295410156,SPY
2019-12-24,295.23321533203125,SPY
2019-12-26,296.8049011230469,SPY
2019-12-27,296.7313537597656,SPY
2019-12-30,295.0953369140625,SPY
2019-12-31,295.812255859375,SPY
2020-01-02,298.5787048339844,SPY
2020-01-03,296.3177795410156,SPY
2020-01-06,297.44818115234375,SPY
2020-01-07,296.6119079589844,SPY
2020-01-08,298.1926574707031,SPY
2020-01-09,300.214599609375,SPY
2020-01-10,299.35064697265625,SPY
2020-01-13,301.409423828125,SPY
2020-01-14,300.949951171875,SPY
2020-01-15,301.6299743652344,SPY
2020-01-16,304.1390686035156,SPY
2020-01-17,305.0857238769531,SPY
2020-01-21,304.48828125,SPY
2020-01-22,304.5250549316406,SPY
2020-01-23,304.8742980957031,SPY
2020-01-24,302.1630554199219,SPY
2020-01-27,297.319580078125,SPY
2020-01-28,300.4351806640625,SPY
2020-01-29,300.18701171875,SPY
2020-01-30,301.1612548828125,SPY
2020-01-31,295.6927490234375,SPY
2020-02-03,297.8893737792969,SPY
2020-02-04,302.42950439453125,SPY
2020-02-05,305.9219665527344,SPY
2020-02-06,306.9514465332031,SPY
2020-02-07,305.3153991699219,SPY
2020-02-10,307.5947570800781,SPY
2020-02-11,308.1278381347656,SPY
2020-02-12,310.113037109375,SPY
2020-02-13,309.78216552734375,SPY
2020-02-14,310.2785339355469,SPY
2020-02-18,309.4788513183594,SPY
2020-02-19,310.95843505859375,SPY
2020-02-20,309.6810607910156,SPY
2020-02-21,306.4918518066406,SPY
2020-02-24,296.3269958496094,SPY
2020-02-25,287.3476257324219,SPY
2020-02-26,286.2906799316406,SPY
2020-02-27,273.4328918457031,SPY
2020-02-28,272.2840576171875,SPY
2020-03-02,284.0757141113281,SPY
2020-03-03,275.94195556640625,SPY
2020-03-04,287.5406188964844,SPY
2020-03-05,277.9822692871094,SPY
2020-03-06,273.3868408203125,SPY
2020-03-09,252.03684997558594,SPY
2020-03-10,265.07861328125,SPY
2020-03-11,252.1563720703125,SPY
2020-03-12,228.03076171875,SPY
2020-03-13,247.5242156982422,SPY
2020-03-16,220.43922424316406,SPY
2020-03-17,232.34121704101562,SPY
2020-03-18,220.5770721435547,SPY
2020-03-19,221.04583740234375,SPY
2020-03-20,211.52000427246094,SPY
2020-03-23,206.11183166503906,SPY
2020-03-24,224.78623962402344,SPY
2020-03-25,228.1513214111328,SPY
2020-03-26,241.4730224609375,SPY
2020-03-27,234.28060913085938,SPY
2020-03-30,241.8889923095703,SPY
2020-03-31,238.2835693359375,SPY
2020-04-01,227.55966186523438,SPY
2020-04-02,232.81069946289062,SPY
2020-04-03,229.4456024169922,SPY
2020-04-06,244.8566131591797,SPY
2020-04-07,245.10618591308594,SPY
2020-04-08,253.33401489257812,SPY
2020-04-09,257.18914794921875,SPY
2020-04-13,254.84095764160156,SPY
2020-04-14,262.35693359375,SPY
2020-04-15,256.7823791503906,SPY
2020-04-16,258.02117919921875,SPY
2020-04-17,264.99169921875,SPY
2020-04-20,260.32305908203125,SPY
2020-04-21,252.41880798339844,SPY
2020-04-22,258.02117919921875,SPY
2020-04-23,258.002685546875,SPY
2020-04-24,261.598876953125,SPY
2020-04-27,265.3707275390625,SPY
2020-04-28,264.150390625,SPY
2020-04-29,271.06549072265625,SPY
2020-04-30,268.5416564941406,SPY
2020-05-01,261.4324035644531,SPY
2020-05-04,262.1535339355469,SPY
2020-05-05,264.5756530761719,SPY
2020-05-06,262.7821960449219,SPY
2020-05-07,265.95318603515625,SPY
2020-05-08,270.35369873046875,SPY
2020-05-11,270.4090881347656,SPY
2020-05-12,265.0194396972656,SPY
2020-05-13,260.3322448730469,SPY
2020-05-14,263.4478454589844,SPY
2020-05-15,264.6589050292969,SPY
2020-05-18,272.7203063964844,SPY
2020-05-19,269.91912841796875,SPY
2020-05-20,274.5044860839844,SPY
2020-05-21,272.6093444824219,SPY
2020-05-22,273.1270751953125,SPY
2020-05-26,276.4920959472656,SPY
2020-05-27,280.6060791015625,SPY
2020-05-28,280.08837890625,SPY
2020-05-29,281.3363952636719,SPY
2020-06-01,282.47357177734375,SPY
2020-06-02,284.8124084472656,SPY
2020-06-03,288.6027526855469,SPY
2020-06-04,287.8447265625,SPY
2020-06-05,295.2220458984375,SPY
2020-06-08,298.7904968261719,SPY
2020-06-09,296.5625,SPY
2020-06-10,294.9077453613281,SPY
2020-06-11,277.9065246582031,SPY
2020-06-12,281.2346496582031,SPY
2020-06-15,283.8602600097656,SPY
2020-06-16,289.32391357421875,SPY
2020-06-17,288.1220397949219,SPY
2020-06-18,288.2330322265625,SPY
2020-06-19,286.5858154296875,SPY
2020-06-22,288.4242248535156,SPY
2020-06-23,289.75213623046875,SPY
2020-06-24,282.36090087890625,SPY
2020-06-25,285.3879089355469,SPY
2020-06-26,278.609619140625,SPY
2020-06-29,282.70440673828125,SPY
2020-06-30,286.32568359375,SPY
2020-07-01,288.3314514160156,SPY
2020-07-02,289.9192810058594,SPY
2020-07-06,294.3948974609375,SPY
2020-07-07,291.3585510253906,SPY
2020-07-08,293.5870361328125,SPY
2020-07-09,291.9156188964844,SPY
2020-07-10,294.896240234375,SPY
2020-07-13,292.3427429199219,SPY
2020-07-14,296.1311950683594,SPY
2020-07-15,298.8517761230469,SPY
2020-07-16,297.86761474609375,SPY
2020-07-17,298.7311096191406,SPY
2020-07-20,301.14532470703125,SPY
2020-07-21,301.7860107421875,SPY
2020-07-22,303.50384521484375,SPY
2020-07-23,299.8825378417969,SPY
2020-07-24,297.95111083984375,SPY
2020-07-27,300.12396240234375,SPY
2020-07-28,298.2204284667969,SPY
2020-07-29,301.88812255859375,SPY
2020-07-30,300.81109619140625,SPY
2020-07-31,303.1882019042969,SPY
2020-08-03,305.29583740234375,SPY
2020-08-04,306.4751281738281,SPY
2020-08-05,308.3786926269531,SPY
2020-08-06,310.44000244140625,SPY
2020-08-07,310.66290283203125,SPY
2020-08-10,311.59149169921875,SPY
2020-08-11,309.0194091796875,SPY
2020-08-12,313.3278503417969,SPY
2020-08-13,312.7614440917969,SPY
2020-08-14,312.7706604003906,SPY
2020-08-17,313.7642517089844,SPY
2020-08-18,314.442138671875,SPY
2020-08-19,313.1328125,SPY
2020-08-20,314.10784912109375,SPY
2020-08-21,315.2220764160156,SPY
2020-08-24,318.4163513183594,SPY
2020-08-25,319.5304870605469,SPY
2020-08-26,322.7339782714844,SPY
2020-08-27,323.4396057128906,SPY
2020-08-28,325.5288391113281,SPY
2020-08-31,324.3496398925781,SPY
2020-09-01,327.40460205078125,SPY
2020-09-02,332.14013671875,SPY
2020-09-03,320.7097473144531,SPY
2020-09-04,318.0912780761719,SPY
2020-09-08,309.40008544921875,SPY
2020-09-09,315.5098876953125,SPY
2020-09-10,310.0315246582031,SPY
2020-09-11,310.1893005371094,SPY
2020-09-14,314.27496337890625,SPY
2020-09-15,315.86273193359375,SPY
2020-09-16,314.6092529296875,SPY
2020-09-17,311.84210205078125,SPY
2020-09-18,308.2520446777344,SPY
2020-09-21,304.8212890625,SPY
2020-09-22,307.92572021484375,SPY
2020-09-23,300.78460693359375,SPY
2020-09-24,301.5863952636719,SPY
2020-09-25,306.46209716796875,SPY
2020-09-28,311.5522155761719,SPY
2020-09-29,309.8554382324219,SPY
2020-09-30,312.2048034667969,SPY
2020-10-01,314.2090759277344,SPY
2020-10-02,311.2259826660156,SPY
2020-10-05,316.7449645996094,SPY
2020-10-06,312.2420654296875,SPY
2020-10-07,317.6771545410156,SPY
2020-10-08,320.49267578125,SPY
2020-10-09,323.3546142578125,SPY
2020-10-12,328.5566711425781,SPY
2020-10-13,326.4124755859375,SPY
2020-10-14,324.3614807128906,SPY
2020-10-15,323.9605712890625,SPY
2020-10-16,323.7647705078125,SPY
2020-10-19,318.842529296875,SPY
2020-10-20,320.11968994140625,SPY
2020-10-21,319.5137634277344,SPY
2020-10-22,321.2663879394531,SPY
2020-10-23,322.3571472167969,SPY
2020-10-26,316.39996337890625,SPY
2020-10-27,315.3092346191406,SPY
2020-10-28,304.5323181152344,SPY
2020-10-29,307.6274108886719,SPY
2020-10-30,304.42047119140625,SPY
2020-11-02,307.83251953125,SPY
2020-11-03,313.2675476074219,SPY
2020-11-04,320.2688903808594,SPY
2020-11-05,326.5150146484375,SPY
2020-11-06,326.4404296875,SPY
2020-11-09,330.5423583984375,SPY
2020-11-10,330.05755615234375,SPY
2020-11-11,332.50946044921875,SPY
2020-11-12,329.28387451171875,SPY
2020-11-13,333.8426208496094,SPY
2020-11-16,338.0097961425781,SPY
2020-11-17,336.19183349609375,SPY
2020-11-18,332.1457824707031,SPY
2020-11-19,333.5442810058594,SPY
2020-11-20,331.26019287109375,SPY
2020-11-23,333.2458801269531,SPY
2020-11-24,338.61578369140625,SPY
2020-11-25,338.09368896484375,SPY
2020-11-27,339.0353698730469,SPY
2020-11-30,337.53436279296875,SPY
2020-12-01,341.22607421875,SPY
2020-12-02,341.9438781738281,SPY
2020-12-03,341.85064697265625,SPY
2020-12-04,344.79656982421875,SPY
2020-12-07,344.088134765625,SPY
2020-12-08,345.0950622558594,SPY
2020-12-09,341.9997863769531,SPY
2020-12-10,341.8879699707031,SPY
2020-12-11,341.487060546875,SPY
2020-12-14,339.9582214355469,SPY
2020-12-15,344.5542907714844,SPY
2020-12-16,345.0950622558594,SPY
2020-12-17,347.0247497558594,SPY
2020-12-18,345.6390686035156,SPY
2020-12-21,344.4032287597656,SPY
2020-12-22,343.82275390625,SPY
2020-12-23,344.1318359375,SPY
2020-12-24,345.4705505371094,SPY
2020-12-28,348.4384460449219,SPY
2020-12-29,347.773681640625,SPY
2020-12-30,348.2699279785156,SPY
2020-12-31,350.0394592285156,SPY
2021-01-04,345.27398681640625,SPY
2021-01-05,347.6520080566406,SPY
2021-01-06,349.73040771484375,SPY
2021-01-07,354.9265441894531,SPY
2021-01-08,356.9488525390625,SPY
2021-01-11,354.5426940917969,SPY
2021-01-12,354.61761474609375,SPY
2021-01-13,355.5726318359375,SPY
2021-01-14,354.32733154296875,SPY
2021-01-15,351.74334716796875,SPY
2021-01-19,354.5052490234375,SPY
2021-01-20,359.4111328125,SPY
2021-01-21,359.7388610839844,SPY
2021-01-22,358.4654846191406,SPY
2021-01-25,359.8792724609375,SPY
2021-01-26,359.3175048828125,SPY
2021-01-27,350.53564453125,SPY
2021-01-28,353.55029296875,SPY
2021-01-29,346.4723205566406,SPY
2021-02-01,352.2395935058594,SPY
2021-02-02,357.2203369140625,SPY
2021-02-03,357.501220703125,SPY
2021-02-04,361.564453125,SPY
2021-02-05,362.9876403808594,SPY
2021-02-08,365.6089782714844,SPY
2021-02-09,365.3656005859375,SPY
2021-02-10,365.2064208984375,SPY
2021-02-11,365.7962341308594,SPY
2021-02-12,367.6031494140625,SPY
2021-02-16,367.28485107421875,SPY
2021-02-17,367.3691711425781,SPY
2021-02-18,365.8055725097656,SPY
2021-02-19,365.15960693359375,SPY
2021-02-22,362.35089111328125,SPY
2021-02-23,362.7909240722656,SPY
2021-02-24,366.78857421875,SPY
2021-02-25,357.95062255859375,SPY
2021-02-26,356.1061706542969,SPY
2021-03-01,364.73834228515625,SPY
2021-03-02,361.89208984375,SPY
2021-03-03,357.09869384765625,SPY
2021-03-04,352.6796569824219,SPY
2021-03-05,359.167724609375,SPY
2021-03-08,357.37939453125,SPY
2021-03-09,362.4819641113281,SPY
2021-03-10,364.73834228515625,SPY
2021-03-11,368.4364318847656,SPY
2021-03-12,368.9326477050781,SPY
2021-03-15,371.1328125,SPY
2021-03-16,370.6646728515625,SPY
2021-03-17,371.9285888671875,SPY
2021-03-18,366.51715087890625,SPY
2021-03-19,365.8389892578125,SPY
2021-03-22,368.7601623535156,SPY
2021-03-23,365.8577575683594,SPY
2021-03-24,363.9978942871094,SPY
2021-03-25,366.045654296875,SPY
2021-03-26,371.9444580078125,SPY
2021-03-29,371.756591796875,SPY
2021-03-30,370.77032470703125,SPY
2021-03-31,372.273193359375,SPY
2021-04-01,376.2933654785156,SPY
2021-04-05,381.6943359375,SPY
2021-04-06,381.4688720703125,SPY
2021-04-07,381.9104309082031,SPY
2021-04-08,383.7232666015625,SPY
2021-04-09,386.5130310058594,SPY
2021-04-12,386.6539306640625,SPY
2021-04-13,387.7998046875,SPY
2021-04-14,386.4754333496094,SPY
2021-04-15,390.62713623046875,SPY
2021-04-16,391.9327087402344,SPY
2021-04-19,390.007080078125,SPY
2021-04-20,387.1517028808594,SPY
2021-04-21,390.81494140625,SPY
2021-04-22,387.2455749511719,SPY
2021-04-23,391.44427490234375,SPY
2021-04-26,392.261474609375,SPY
2021-04-27,392.177001953125,SPY
2021-04-28,392.06427001953125,SPY
2021-04-29,394.562744140625,SPY
2021-04-30,391.9703063964844,SPY
2021-05-03,392.81573486328125,SPY
2021-05-04,390.392333984375,SPY
2021-05-05,390.51446533203125,SPY
2021-05-06,393.6329650878906,SPY
2021-05-07,396.49774169921875,SPY
2021-05-10,392.5714416503906,SPY
2021-05-11,389.06793212890625,SPY
2021-05-12,380.80206298828125,SPY
2021-05-13,385.37640380859375,SPY
2021-05-14,391.29412841796875,SPY
2021-05-17,390.29833984375,SPY
2021-05-18,386.9356994628906,SPY
2021-05-19,385.9212341308594,SPY
2021-05-20,390.07293701171875,SPY
2021-05-21,389.75360107421875,SPY
2021-05-24,393.7269287109375,SPY
2021-05-25,392.8532409667969,SPY
2021-05-26,393.6329650878906,SPY
2021-05-27,393.8395690917969,SPY
2021-05-28,394.5440368652344,SPY
2021-06-01,394.19647216796875,SPY
2021-06-02,394.81646728515625,SPY
2021-06-03,393.3510437011719,SPY
2021-06-04,396.9485778808594,SPY
2021-06-07,396.5634460449219,SPY
2021-06-08,396.64813232421875,SPY
2021-06-09,396.0563049316406,SPY
2021-06-10,397.8973083496094,SPY
2021-06-11,398.5548095703125,SPY
2021-06-14,399.4471740722656,SPY
2021-06-15,398.7145080566406,SPY
2021-06-16,396.4883117675781,SPY
2021-06-17,396.3568115234375,SPY
2021-06-18,391.0098571777344,SPY
2021-06-21,396.6075134277344,SPY
2021-06-22,398.72784423828125,SPY
2021-06-23,398.247314453125,SPY
2021-06-24,400.603271484375,SPY
2021-06-25,402.02618408203125,SPY
2021-06-28,402.83660888671875,SPY
2021-06-29,403.05340576171875,SPY
2021-06-30,403.39263916015625,SPY
2021-07-01,405.62603759765625,SPY
2021-07-02,408.7265319824219,SPY
2021-07-06,407.98199462890625,SPY
2021-07-07,409.42388916015625,SPY
2021-07-08,406.0877990722656,SPY
2021-07-09,410.4227294921875,SPY
2021-07-12,411.8928527832031,SPY
2021-07-13,410.4886779785156,SPY
2021-07-14,411.1012878417969,SPY
2021-07-15,409.6971740722656,SPY
2021-07-16,406.4836120605469,SPY
2021-07-19,400.48065185546875,SPY
2021-07-20,406.2198181152344,SPY
2021-07-21,409.5086364746094,SPY
2021-07-22,410.36614990234375,SPY
2021-07-23,414.5879821777344,SPY
2021-07-26,415.6058044433594,SPY
2021-07-27,413.7116394042969,SPY
2021-07-28,413.5420837402344,SPY
2021-07-29,415.2571716308594,SPY
2021-07-30,413.2403869628906,SPY
2021-08-02,412.3734130859375,SPY
2021-08-03,415.72833251953125,SPY
2021-08-04,413.683349609375,SPY
2021-08-05,416.30322265625,SPY
2021-08-06,416.9911193847656,SPY
2021-08-09,416.65185546875,SPY
2021-08-10,417.1701354980469,SPY
2021-08-11,418.20672607421875,SPY
2021-08-12,419.4601135253906,SPY
2021-08-13,420.22344970703125,SPY
2021-08-16,421.21295166015625,SPY
2021-08-17,418.4518127441406,SPY
2021-08-18,413.871826171875,SPY
2021-08-19,414.5126037597656,SPY
2021-08-20,417.8109130859375,SPY
2021-08-23,421.4862060546875,SPY
2021-08-24,422.15533447265625,SPY
2021-08-25,423.0411071777344,SPY
2021-08-26,420.54388427734375,SPY
2021-08-27,424.303955078125,SPY
2021-08-30,426.1698913574219,SPY
2021-08-31,425.5384216308594,SPY
2021-09-01,425.76458740234375,SPY
2021-09-02,427.0745544433594,SPY
2021-09-03,426.9708557128906,SPY
2021-09-07,425.44415283203125,SPY
2021-09-08,424.92584228515625,SPY
2021-09-09,423.10699462890625,SPY
2021-09-10,419.7710876464844,SPY
2021-09-13,420.84539794921875,SPY
2021-09-14,418.5743408203125,SPY
2021-09-15,422.0705871582031,SPY
2021-09-16,421.4013671875,SPY
2021-09-17,417.2965393066406,SPY
2021-09-20,410.3384704589844,SPY
2021-09-21,409.9508056640625,SPY
2021-09-22,413.94976806640625,SPY
2021-09-23,418.9792785644531,SPY
2021-09-24,419.6694641113281,SPY
2021-09-27,418.4688415527344,SPY
2021-09-28,410.0358581542969,SPY
2021-09-29,410.7260437011719,SPY
2021-09-30,405.7060241699219,SPY
2021-10-01,410.5274963378906,SPY
2021-10-04,405.2333068847656,SPY
2021-10-05,409.4497985839844,SPY
2021-10-06,411.15142822265625,SPY
2021-10-07,414.70611572265625,SPY
2021-10-08,413.94976806640625,SPY
2021-10-11,410.9529113769531,SPY
2021-10-12,409.9413757324219,SPY
2021-10-13,411.4161376953125,SPY
2021-10-14,418.33642578125,SPY
2021-10-15,421.52239990234375,SPY
2021-10-18,422.77032470703125,SPY
2021-10-19,426.0318908691406,SPY
2021-10-20,427.7052917480469,SPY
2021-10-21,428.82086181640625,SPY
2021-10-22,428.37646484375,SPY
2021-10-25,430.673828125,SPY
2021-10-26,431.0614318847656,SPY
2021-10-27,429.1517333984375,SPY
2021-10-28,433.2926025390625,SPY
2021-10-29,434.1717834472656,SPY
2021-11-01,434.91864013671875,SPY
2021-11-02,436.6771240234375,SPY
2021-11-03,439.3429870605469,SPY
2021-11-04,441.4134826660156,SPY
2021-11-05,442.94500732421875,SPY
2021-11-08,443.3232116699219,SPY
2021-11-09,441.8577575683594,SPY
2021-11-10,438.3031921386719,SPY
2021-11-11,438.4449462890625,SPY
2021-11-12,441.7538146972656,SPY
2021-11-15,441.90509033203125,SPY
2021-11-16,443.6540832519531,SPY
2021-11-17,442.5763244628906,SPY
2021-11-18,444.0794677734375,SPY
2021-11-19,443.285400390625,SPY
2021-11-22,442.0374450683594,SPY
2021-11-23,442.6236572265625,SPY
2021-11-24,443.80535888671875,SPY
2021-11-26,433.9070739746094,SPY
2021-11-29,439.2296447753906,SPY
2021-11-30,430.6833190917969,SPY
2021-12-01,425.8995666503906,SPY
2021-12-02,432.4228210449219,SPY
2021-12-03,428.66009521484375,SPY
2021-12-06,433.7369384765625,SPY
2021-12-07,442.7087097167969,SPY
2021-12-08,443.8809509277344,SPY
2021-12-09,440.8840637207031,SPY
2021-12-10,445.03436279296875,SPY
2021-12-13,441.09210205078125,SPY
2021-12-14,438.0574035644531,SPY
2021-12-15,444.90203857421875,SPY
2021-12-16,440.9786376953125,SPY
2021-12-17,436.2853088378906,SPY
2021-12-20,431.6461486816406,SPY
2021-12-21,439.3117370605469,SPY
2021-12-22,443.7042541503906,SPY
2021-12-23,446.46502685546875,SPY
2021-12-27,452.7834777832031,SPY
2021-12-28,452.4134826660156,SPY
2021-12-29,452.9922790527344,SPY
2021-12-30,451.73992919921875,SPY
2021-12-31,450.6014709472656,SPY
2022-01-03,453.2104187011719,SPY
2022-01-04,453.05865478515625,SPY
2022-01-05,444.35888671875,SPY
2022-01-06,443.94140625,SPY
2022-01-07,442.1863098144531,SPY
2022-01-10,441.63616943359375,SPY
2022-01-11,445.6585998535156,SPY
2022-01-12,446.863525390625,SPY
2022-01-13,440.7063293457031,SPY
2022-01-14,440.88653564453125,SPY
2022-01-18,433.0787048339844,SPY
2022-01-19,428.5817565917969,SPY
2022-01-20,423.83819580078125,SPY
2022-01-21,415.5180358886719,SPY
2022-01-24,417.2825622558594,SPY
2022-01-25,412.18798828125,SPY
2022-01-26,411.1538391113281,SPY
2022-01-27,409.12359619140625,SPY
2022-01-28,419.2843933105469,SPY
2022-01-31,426.836181640625,SPY
2022-02-01,429.7201843261719,SPY
2022-02-02,433.8945617675781,SPY
2022-02-03,423.69586181640625,SPY
2022-02-04,425.688232421875,SPY
2022-02-07,424.3221130371094,SPY
2022-02-08,427.8133544921875,SPY
2022-02-09,434.0748291015625,SPY
2022-02-10,426.2764587402344,SPY
2022-02-11,417.87078857421875,SPY
2022-02-14,416.5046081542969,SPY
2022-02-15,423.2215576171875,SPY
2022-02-16,423.69586181640625,SPY
2022-02-17,414.6451416015625,SPY
2022-02-18,411.96038818359375,SPY
2022-02-22,407.5392761230469,SPY
2022-02-23,400.3100280761719,SPY
2022-02-24,406.3343811035156,SPY
2022-02-25,415.2998046875,SPY
2022-02-28,414.23724365234375,SPY
2022-03-01,407.9283447265625,SPY
2022-03-02,415.4326171875,SPY
2022-03-03,413.3644104003906,SPY
2022-03-04,410.0058898925781,SPY
2022-03-07,397.9192810058594,SPY
2022-03-08,394.90240478515625,SPY
2022-03-09,405.4900207519531,SPY
2022-03-10,403.6590576171875,SPY
2022-03-11,398.5264892578125,SPY
2022-03-14,395.61395263671875,SPY
2022-03-15,404.313720703125,SPY
2022-03-16,413.27899169921875,SPY
2022-03-17,418.4494934082031,SPY
2022-03-18,423.03265380859375,SPY
2022-03-21,422.90899658203125,SPY
2022-03-22,427.8576354980469,SPY
2022-03-23,422.3475646972656,SPY
2022-03-24,428.71405029296875,SPY
2022-03-25,430.8077697753906,SPY
2022-03-28,433.87213134765625,SPY
2022-03-29,439.2394714355469,SPY
2022-03-30,436.52728271484375,SPY
2022-03-31,429.8085632324219,SPY
2022-04-01,431.026611328125,SPY
2022-04-04,434.7190856933594,SPY
2022-04-05,429.22802734375,SPY
2022-04-06,424.9360046386719,SPY
2022-04-07,427.0773010253906,SPY
2022-04-08,425.93524169921875,SPY
2022-04-11,418.65509033203125,SPY
2022-04-12,417.10382080078125,SPY
2022-04-13,421.8811950683594,SPY
2022-04-14,416.6280517578125,SPY
2022-04-18,416.79931640625,SPY
2022-04-19,423.5275573730469,SPY
2022-04-20,423.2134704589844,SPY
2022-04-21,416.885009765625,SPY
2022-04-22,405.4460144042969,SPY
2022-04-25,407.7966003417969,SPY
2022-04-26,395.9864807128906,SPY
2022-04-27,397.0998840332031,SPY
2022-04-28,407.13043212890625,SPY
2022-04-29,392.0846252441406,SPY
2022-05-02,394.44482421875,SPY
2022-05-03,396.2529602050781,SPY
2022-05-04,408.3199462890625,SPY
2022-05-05,393.80712890625,SPY
2022-05-06,391.45654296875,SPY
2022-05-09,378.9231262207031,SPY
2022-05-10,379.7986755371094,SPY
2022-05-11,373.76513671875,SPY
2022-05-12,373.375,SPY
2022-05-13,382.3016357421875,SPY
2022-05-16,380.7503356933594,SPY
2022-05-17,388.58251953125,SPY
2022-05-18,372.9181823730469,SPY
2022-05-19,370.63421630859375,SPY
2022-05-20,370.7959899902344,SPY
2022-05-23,377.7336120605469,SPY
2022-05-24,374.85003662109375,SPY
2022-05-25,378.161865234375,SPY
2022-05-26,385.718017578125,SPY
2022-05-27,395.1870422363281,SPY
2022-05-31,392.9696960449219,SPY
2022-06-01,389.7911682128906,SPY
2022-06-02,397.2141418457031,SPY
2022-06-03,390.6952819824219,SPY
2022-06-06,391.8848571777344,SPY
2022-06-07,395.6438293457031,SPY
2022-06-08,391.3423767089844,SPY
2022-06-09,382.0351257324219,SPY
2022-06-10,370.9577331542969,SPY
2022-06-13,356.8731384277344,SPY
2022-06-14,355.79779052734375,SPY
2022-06-15,360.8701477050781,SPY
2022-06-16,348.92681884765625,SPY
2022-06-17,349.6789855957031,SPY
2022-06-21,358.481689453125,SPY
2022-06-22,357.831787109375,SPY
2022-06-23,361.33941650390625,SPY
2022-06-24,372.82781982421875,SPY
2022-06-27,371.40374755859375,SPY
2022-06-28,363.8148498535156,SPY
2022-06-29,363.51861572265625,SPY
2022-06-30,360.56524658203125,SPY
2022-07-01,364.3788146972656,SPY
2022-07-05,365.0669250488281,SPY
2022-07-06,366.29986572265625,SPY
2022-07-07,371.7860107421875,SPY
2022-07-08,371.4801330566406,SPY
2022-07-11,367.2365417480469,SPY
2022-07-12,363.9869079589844,SPY
2022-07-13,362.0754089355469,SPY
2022-07-14,361.1960754394531,SPY
2022-07-15,368.09674072265625,SPY
2022-07-18,365.0573425292969,SPY
2022-07-19,374.92095947265625,SPY
2022-07-20,377.3103332519531,SPY
2022-07-21,381.152587890625,SPY
2022-07-22,377.61627197265625,SPY
2022-07-25,378.0750427246094,SPY
2022-07-26,373.6020202636719,SPY
2022-07-27,383.3031005859375,SPY
2022-07-28,388.1106262207031,SPY
2022-07-29,393.7687683105469,SPY
2022-08-01,392.60272216796875,SPY
2022-08-02,390.0126647949219,SPY
2022-08-03,396.1199951171875,SPY
2022-08-04,395.8523864746094,SPY
2022-08-05,395.1833190917969,SPY
2022-08-08,394.72454833984375,SPY
2022-08-09,393.1570739746094,SPY
2022-08-10,401.4150390625,SPY
2022-08-11,401.4150390625,SPY
2022-08-12,408.2105407714844,SPY
2022-08-15,409.8927001953125,SPY
2022-08-16,410.695556640625,SPY
2022-08-17,407.7803649902344,SPY
2022-08-18,408.965576171875,SPY
2022-08-19,403.46990966796875,SPY
2022-08-22,395.068603515625,SPY
2022-08-23,394.1128845214844,SPY
2022-08-24,395.37445068359375,SPY
2022-08-25,400.95623779296875,SPY
2022-08-26,387.3842468261719,SPY
2022-08-29,384.8227233886719,SPY
2022-08-30,380.5982666015625,SPY
2022-08-31,377.70220947265625,SPY
2022-09-01,378.887451171875,SPY
2022-09-02,374.8922119140625,SPY
2022-09-06,373.4777526855469,SPY
2022-09-07,380.1873474121094,SPY
2022-09-08,382.6722717285156,SPY
2022-09-09,388.6172180175781,SPY
2022-09-12,392.7938537597656,SPY
2022-09-13,375.71429443359375,SPY
2022-09-14,377.1479187011719,SPY
2022-09-15,372.8660888671875,SPY
2022-09-16,370.021484375,SPY
2022-09-19,372.8909606933594,SPY
2022-09-20,368.6107177734375,SPY
2022-09-21,362.1807861328125,SPY
2022-09-22,359.13848876953125,SPY
2022-09-23,353.1212158203125,SPY
2022-09-26,349.62786865234375,SPY
2022-09-27,348.7353515625,SPY
2022-09-28,355.59722900390625,SPY
2022-09-29,348.1691589355469,SPY
2022-09-30,342.7852478027344,SPY
2022-10-03,351.8351745605469,SPY
2022-10-04,362.7373962402344,SPY
2022-10-05,361.8928527832031,SPY
2022-10-06,358.1596374511719,SPY
2022-10-07,348.1691589355469,SPY
2022-10-10,345.5107421875,SPY
2022-10-11,343.3226623535156,SPY
2022-10-12,342.19024658203125,SPY
2022-10-13,351.2209167480469,SPY
2022-10-14,343.2170715332031,SPY
2022-10-17,352.0367736816406,SPY
2022-10-18,356.17303466796875,SPY
2022-10-19,353.6490173339844,SPY
2022-10-20,350.68353271484375,SPY
2022-10-21,359.2056884765625,SPY
2022-10-24,363.60101318359375,SPY
2022-10-25,369.40728759765625,SPY
2022-10-26,366.62420654296875,SPY
2022-10-27,364.6663513183594,SPY
2022-10-28,373.34197998046875,SPY
2022-10-31,370.6452941894531,SPY
2022-11-01,369.0233459472656,SPY
2022-11-02,359.7622985839844,SPY
2022-11-03,356.0578918457031,SPY
2022-11-04,361.18267822265625,SPY
2022-11-07,364.6375732421875,SPY
2022-11-08,366.6050109863281,SPY
2022-11-09,359.0521240234375,SPY
2022-11-10,378.78350830078125,SPY
2022-11-11,382.4496154785156,SPY
2022-11-14,379.19622802734375,SPY
2022-11-15,382.4303894042969,SPY
2022-11-16,379.5129089355469,SPY
2022-11-17,378.3516845703125,SPY
2022-11-18,380.0695495605469,SPY
2022-11-21,378.68756103515625,SPY
2022-11-22,383.7835693359375,SPY
2022-11-23,386.20196533203125,SPY
2022-11-25,386.1156311035156,SPY
2022-11-28,379.9543762207031,SPY
2022-11-29,379.3017883300781,SPY
2022-11-30,391.2500305175781,SPY
2022-12-01,390.96209716796875,SPY
2022-12-02,390.5110168457031,SPY
2022-12-05,383.48602294921875,SPY
2022-12-06,377.9581604003906,SPY
2022-12-07,377.315185546875,SPY
2022-12-08,380.27105712890625,SPY
2022-12-09,377.43035888671875,SPY
2022-12-12,382.8718566894531,SPY
2022-12-13,385.7701110839844,SPY
2022-12-14,383.3037109375,SPY
2022-12-15,373.927490234375,SPY
2022-12-16,369.5128173828125,SPY
2022-12-19,366.3794250488281,SPY
2022-12-20,366.8808288574219,SPY
2022-12-21,372.36663818359375,SPY
2022-12-22,367.0543518066406,SPY
2022-12-23,369.1657409667969,SPY
2022-12-27,367.70989990234375,SPY
2022-12-28,363.14007568359375,SPY
2022-12-29,369.6767272949219,SPY
2022-12-30,368.70294189453125,SPY
2023-01-03,367.1507263183594,SPY
2023-01-04,369.9852600097656,SPY
2023-01-05,365.76251220703125,SPY
2023-01-06,374.1501770019531,SPY
2023-01-09,373.9380798339844,SPY
2023-01-10,376.5603942871094,SPY
2023-01-11,381.32305908203125,SPY
2023-01-12,382.7114562988281,SPY
2023-01-13,384.1961669921875,SPY
2023-01-17,383.49237060546875,SPY
2023-01-18,377.4377746582031,SPY
2023-01-19,374.69012451171875,SPY
2023-01-20,381.6701965332031,SPY
2023-01-23,386.24969482421875,SPY
2023-01-24,385.8351745605469,SPY
2023-01-25,385.9797668457031,SPY
2023-01-26,390.2218017578125,SPY
2023-01-27,391.118408203125,SPY
2023-01-30,386.2110900878906,SPY
2023-01-31,391.8897399902344,SPY
2023-02-01,396.0546569824219,SPY
2023-02-02,401.8199462890625,SPY
2023-02-03,397.54901123046875,SPY
2023-02-06,395.1194152832031,SPY
2023-02-07,400.287109375,SPY
2023-02-08,395.9100646972656,SPY
2023-02-09,392.47784423828125,SPY
2023-02-10,393.39373779296875,SPY
2023-02-13,398.01177978515625,SPY
2023-02-14,397.82861328125,SPY
2023-02-15,399.1205139160156,SPY
2023-02-16,393.6251220703125,SPY
2023-02-17,392.6417236328125,SPY
2023-02-21,384.76495361328125,SPY
2023-02-22,384.2347717285156,SPY
2023-02-23,386.2785949707031,SPY
2023-02-24,382.1522521972656,SPY
2023-02-27,383.4538269042969,SPY
2023-02-28,382.03662109375,SPY
2023-03-01,380.57110595703125,SPY
2023-03-02,383.5309143066406,SPY
2023-03-03,389.6819763183594,SPY
2023-03-06,389.951904296875,SPY
2023-03-07,383.9743957519531,SPY
2023-03-08,384.60107421875,SPY
2023-03-09,377.5052490234375,SPY
2023-03-10,372.05810546875,SPY
2023-03-13,371.52783203125,SPY
2023-03-14,377.669189453125,SPY
2023-03-15,375.30712890625,SPY
2023-03-16,381.8919372558594,SPY
2023-03-17,377.4266357421875,SPY
2023-03-20,381.0557556152344,SPY
2023-03-21,386.0592346191406,SPY
2023-03-22,379.4783020019531,SPY
2023-03-23,380.50408935546875,SPY
2023-03-24,383.0009765625,SPY
2023-03-27,383.7171936035156,SPY
2023-03-28,382.8558654785156,SPY
2023-03-29,388.4206237792969,SPY
2023-03-30,390.6949462890625,SPY
2023-03-31,396.20159912109375,SPY
2023-04-03,397.7113952636719,SPY
2023-04-04,395.50482177734375,SPY
2023-04-05,394.4692687988281,SPY
2023-04-06,396.0080871582031,SPY
2023-04-10,396.4145202636719,SPY
2023-04-11,396.52099609375,SPY
2023-04-12,394.9047546386719,SPY
2023-04-13,400.1501770019531,SPY
2023-04-14,399.1727294921875,SPY
2023-04-17,400.60504150390625,SPY
2023-04-18,400.8663330078125,SPY
2023-04-19,400.7987060546875,SPY
2023-04-20,398.6113586425781,SPY
2023-04-21,398.9211120605469,SPY
2023-04-24,399.3372497558594,SPY
2023-04-25,392.9981994628906,SPY
2023-04-26,391.3336486816406,SPY
2023-04-27,399.1243591308594,SPY
2023-04-28,402.5309143066406,SPY
2023-05-01,402.1244812011719,SPY
2023-05-02,397.60491943359375,SPY
2023-05-03,394.8757629394531,SPY
2023-05-04,392.078857421875,SPY
2023-05-05,399.3372497558594,SPY
2023-05-08,399.4436950683594,SPY
2023-05-09,397.6920166015625,SPY
2023-05-10,399.5501708984375,SPY
2023-05-11,398.8533935546875,SPY
2023-05-12,398.33074951171875,SPY
2023-05-15,399.70501708984375,SPY
2023-05-16,397.0339050292969,SPY
2023-05-17,401.853515625,SPY
2023-05-18,405.7246398925781,SPY
2023-05-19,405.1343078613281,SPY
2023-05-22,405.298828125,SPY
2023-05-23,400.750244140625,SPY
2023-05-24,397.8468933105469,SPY
2023-05-25,401.2921447753906,SPY
2023-05-26,406.4891357421875,SPY
2023-05-30,406.6440124511719,SPY
2023-05-31,404.3891296386719,SPY
2023-06-01,408.231201171875,SPY
2023-06-02,414.13470458984375,SPY
2023-06-05,413.3411560058594,SPY
2023-06-06,414.24114990234375,SPY
2023-06-07,412.808837890625,SPY
2023-06-08,415.3056945800781,SPY
2023-06-09,416.0509033203125,SPY
2023-06-12,419.8252868652344,SPY
2023-06-13,422.5931396484375,SPY
2023-06-14,423.0964050292969,SPY
2023-06-15,428.3417663574219,SPY
2023-06-16,426.8827819824219,SPY
2023-06-20,424.66802978515625,SPY
2023-06-21,422.4920959472656,SPY
2023-06-22,424.01715087890625,SPY
2023-06-23,420.81158447265625,SPY
2023-06-26,419.0923156738281,SPY
2023-06-27,423.6869201660156,SPY
2023-06-28,423.90069580078125,SPY
2023-06-29,425.5714111328125,SPY
2023-06-30,430.59344482421875,SPY
2023-07-03,431.0888366699219,SPY
2023-07-05,430.44769287109375,SPY
2023-07-06,427.0770568847656,SPY
2023-07-07,425.998779296875,SPY
2023-07-10,427.0770568847656,SPY
2023-07-11,429.7969055175781,SPY
2023-07-12,433.25506591796875,SPY
2023-07-13,436.6937255859375,SPY
2023-07-14,436.4217224121094,SPY
2023-07-17,437.93707275390625,SPY
2023-07-18,441.19122314453125,SPY
2023-07-19,442.17230224609375,SPY
2023-07-20,439.23870849609375,SPY
2023-07-21,439.23870849609375,SPY
2023-07-24,441.200927734375,SPY
2023-07-25,442.4053955078125,SPY
2023-07-26,442.473388671875,SPY
2023-07-27,439.539794921875,SPY
2023-07-28,443.84307861328125,SPY
2023-07-31,444.68817138671875,SPY
2023-08-01,443.4156494140625,SPY
2023-08-02,437.2474670410156,SPY
2023-08-03,435.9942626953125,SPY
2023-08-04,434.0224304199219,SPY
2023-08-07,437.8108215332031,SPY
2023-08-08,435.9068908691406,SPY
2023-08-09,432.9927062988281,SPY
2023-08-10,433.1481628417969,SPY
2023-08-11,432.8956298828125,SPY
2023-08-14,435.28515625,SPY
2023-08-15,430.214599609375,SPY
2023-08-16,427.0576477050781,SPY
2023-08-17,423.8034973144531,SPY
2023-08-18,424.0074462890625,SPY
2023-08-21,426.7662048339844,SPY
2023-08-22,425.6101989746094,SPY
2023-08-23,430.35064697265625,SPY
2023-08-24,424.3863830566406,SPY
2023-08-25,427.3782043457031,SPY
2023-08-28,430.0883483886719,SPY
2023-08-29,436.3052062988281,SPY
2023-08-30,438.1022033691406,SPY
2023-08-31,437.4610900878906,SPY
2023-09-01,438.277099609375,SPY
2023-09-05,436.38287353515625,SPY
2023-09-06,433.4493103027344,SPY
2023-09-07,432.1185302734375,SPY
2023-09-08,432.7693176269531,SPY
2023-09-11,435.6154479980469,SPY
2023-09-12,433.22589111328125,SPY
2023-09-13,433.73101806640625,SPY
2023-09-14,437.4707946777344,SPY
2023-09-15,432.20001220703125,SPY
2023-09-18,432.4534606933594,SPY
2023-09-19,431.5566101074219,SPY
2023-09-20,427.5892333984375,SPY
2023-09-21,420.5218811035156,SPY
2023-09-22,419.5762939453125,SPY
2023-09-25,421.3406982421875,SPY
2023-09-26,415.150634765625,SPY
2023-09-27,415.31634521484375,SPY
2023-09-28,417.72412109375,SPY
2023-09-29,416.7103271484375,SPY
2023-10-02,416.544677734375,SPY
2023-10-03,410.96875,SPY
2023-10-04,413.96142578125,SPY
2023-10-05,413.8053894042969,SPY
2023-10-06,418.7184753417969,SPY
2023-10-09,421.3992004394531,SPY
2023-10-10,423.592529296875,SPY
2023-10-11,425.3276672363281,SPY
2023-10-12,422.7346496582031,SPY
2023-10-13,420.62908935546875,SPY
2023-10-16,425.0547180175781,SPY
2023-10-17,425.0351867675781,SPY
2023-10-18,419.37158203125,SPY
2023-10-19,415.6867980957031,SPY
2023-10-20,410.5788269042969,SPY
2023-10-23,409.8672180175781,SPY
2023-10-24,412.9573669433594,SPY
2023-10-25,407.0304870605469,SPY
2023-10-26,402.15655517578125,SPY
2023-10-27,400.3336181640625,SPY
2023-10-30,405.119873046875,SPY
2023-10-31,407.6641540527344,SPY
2023-11-01,412.0117492675781,SPY
2023-11-02,419.9077453613281,SPY
2023-11-03,423.73870849609375,SPY
2023-11-06,424.7135009765625,SPY
2023-11-07,425.9222717285156,SPY
2023-11-08,426.2342529296875,SPY
2023-11-09,422.9101257324219,SPY
2023-11-10,429.509521484375,SPY
2023-11-13,429.1001281738281,SPY
2023-11-14,437.4250183105469,SPY
2023-11-15,438.35101318359375,SPY
2023-11-16,438.88720703125,SPY
2023-11-17,439.4330749511719,SPY
2023-11-20,442.8157043457031,SPY
2023-11-21,441.8505859375,SPY
2023-11-22,443.5564880371094,SPY
2023-11-24,443.8294372558594,SPY
2023-11-27,443.0301513671875,SPY
2023-11-28,443.4687805175781,SPY
2023-11-29,443.15679931640625,SPY
2023-11-30,444.9017333984375,SPY
2023-12-01,447.53375244140625,SPY
2023-12-04,445.1844177246094,SPY
2023-12-05,445.09674072265625,SPY
2023-12-06,443.3031005859375,SPY
2023-12-07,446.6856689453125,SPY
2023-12-08,448.6060485839844,SPY
2023-12-11,450.35089111328125,SPY
2023-12-12,452.40777587890625,SPY
2023-12-13,458.6465148925781,SPY
2023-12-14,460.11846923828125,SPY
2023-12-15,459.3609313964844,SPY
2023-12-18,461.94488525390625,SPY
2023-12-19,464.75390625,SPY
2023-12-20,458.3136901855469,SPY
2023-12-21,462.6593322753906,SPY
2023-12-22,463.589111328125,SPY
2023-12-26,465.5466613769531,SPY
2023-12-27,466.388427734375,SPY
2023-12-28,466.5645751953125,SPY
2023-12-29,465.2138977050781,SPY
2024-01-02,462.61041259765625,SPY
2024-01-03,458.8323974609375,SPY
2024-01-04,457.35443115234375,SPY
2024-01-05,457.9808654785156,SPY
2024-01-08,464.51898193359375,SPY
2024-01-09,463.81427001953125,SPY
2024-01-10,466.4373474121094,SPY
2024-01-11,466.2318115234375,SPY
2024-01-12,466.5547790527344,SPY
2024-01-16,464.8419189453125,SPY
2024-01-17,462.2580871582031,SPY
2024-01-18,466.3688659667969,SPY
2024-01-19,472.18267822265625,SPY
2024-01-22,473.1809997558594,SPY
2024-01-23,474.5610656738281,SPY
2024-01-24,475.0798034667969,SPY
2024-01-25,477.6637268066406,SPY
2024-01-26,477.0569152832031,SPY
2024-01-29,480.83489990234375,SPY
2024-01-30,480.46295166015625,SPY
2024-01-31,472.623046875,SPY
2024-02-01,478.8088684082031,SPY
2024-02-02,483.8494567871094,SPY
2024-02-05,482.08770751953125,SPY
2024-02-06,483.48736572265625,SPY
2024-02-07,487.51983642578125,SPY
2024-02-08,487.735107421875,SPY
2024-02-09,490.5539855957031,SPY
2024-02-12,490.3386535644531,SPY
2024-02-13,483.5851745605469,SPY
2024-02-14,487.9798583984375,SPY
2024-02-15,491.34674072265625,SPY
2024-02-16,488.8998718261719,SPY
2024-02-20,486.20831298828125,SPY
2024-02-21,486.64874267578125,SPY
2024-02-22,496.7201232910156,SPY
2024-02-23,497.062744140625,SPY
2024-02-26,495.2422180175781,SPY
2024-02-27,496.1622314453125,SPY
2024-02-28,495.50653076171875,SPY
2024-02-29,497.2878112792969,SPY
2024-03-01,501.9565124511719,SPY
2024-03-04,501.4181823730469,SPY
2024-03-05,496.4069519042969,SPY
2024-03-06,498.92236328125,SPY
2024-03-07,503.87481689453125,SPY
2024-03-08,500.8504638671875,SPY
2024-03-11,500.41986083984375,SPY
2024-03-12,505.80303955078125,SPY
2024-03-13,505.0102233886719,SPY
2024-03-14,504.0119323730469,SPY
2024-03-15,500.551025390625,SPY
2024-03-18,503.5259094238281,SPY
2024-03-19,506.3240661621094,SPY
2024-03-20,511.0071716308594,SPY
2024-03-21,512.6959228515625,SPY
2024-03-22,511.7239685058594,SPY
2024-03-25,510.3101501464844,SPY
2024-03-26,509.36761474609375,SPY
2024-03-27,513.6483154296875,SPY
2024-03-28,513.5501098632812,SPY
2024-04-01,512.6566162109375,SPY
2024-04-02,509.3970947265625,SPY
2024-04-03,509.9566955566406,SPY
2024-04-04,503.73211669921875,SPY
2024-04-05,508.9945068359375,SPY
2024-04-08,509.27923583984375,SPY
2024-04-09,509.8683776855469,SPY
2024-04-10,504.762939453125,SPY
2024-04-11,508.5723571777344,SPY
2024-04-12,501.55255126953125,SPY
2024-04-15,495.26898193359375,SPY
2024-04-16,494.36572265625,SPY
2024-04-17,491.43994140625,SPY
2024-04-18,490.4287109375,SPY
2024-04-19,486.1480712890625,SPY
2024-04-22,490.6250915527344,SPY
2024-04-23,496.4471435546875,SPY
2024-04-24,496.2115478515625,SPY
2024-04-25,494.3264465332031,SPY
2024-04-26,499.0096435546875,SPY
2024-04-29,500.7768859863281,SPY
2024-04-30,492.8439636230469,SPY
2024-05-01,491.24359130859375,SPY
2024-05-02,495.83843994140625,SPY
2024-05-03,501.9844665527344,SPY
2024-05-06,507.1683654785156,SPY
2024-05-07,507.7280578613281,SPY
2024-05-08,507.777099609375,SPY
2024-05-09,510.702880859375,SPY
2024-05-10,511.3607177734375,SPY
2024-05-13,511.4294128417969,SPY
2024-05-14,513.7759399414062,SPY
2024-05-15,520.1380615234375,SPY
2024-05-16,519.06787109375,SPY
2024-05-17,519.8140258789062,SPY
2024-05-20,520.412841796875,SPY
2024-05-21,521.6892700195312,SPY
2024-05-22,520.18701171875,SPY
2024-05-23,516.3875122070312,SPY
2024-05-24,519.80419921875,SPY
2024-05-28,520.1673583984375,SPY
2024-05-29,516.5249633789062,SPY
2024-05-30,513.0985107421875,SPY
2024-05-31,517.7717895507812,SPY
2024-06-03,518.1940307617188,SPY
2024-06-04,518.773193359375,SPY
2024-06-05,524.9390258789062,SPY
2024-06-06,524.9290771484375,SPY
2024-06-07,524.291015625,SPY
2024-06-10,525.9109497070312,SPY
2024-06-11,527.177490234375,SPY
2024-06-12,531.5072021484375,SPY
2024-06-13,532.577392578125,SPY
2024-06-14,532.9013671875,SPY
2024-06-17,537.1427001953125,SPY
2024-06-18,538.5075073242188,SPY
2024-06-20,537.0445556640625,SPY
2024-06-21,536.3245849609375,SPY
2024-06-24,534.5812377929688,SPY
2024-06-25,536.6397705078125,SPY
2024-06-26,537.3096313476562,SPY
2024-06-27,538.1566162109375,SPY
2024-06-28,536.0388793945312,SPY
2024-07-01,537.14208984375,SPY
2024-07-02,540.7569580078125,SPY
2024-07-03,543.1701049804688,SPY
2024-07-05,546.30224609375,SPY
2024-07-08,546.9326782226562,SPY
2024-07-09,547.4646606445312,SPY
2024-07-10,552.8818359375,SPY
2024-07-11,548.1146240234375,SPY
2024-07-12,551.5718994140625,SPY
2024-07-15,553.0888061523438,SPY
2024-07-16,556.3685913085938,SPY
2024-07-17,548.5676879882812,SPY
2024-07-18,544.35205078125,SPY
2024-07-19,540.7372436523438,SPY
2024-07-22,546.3121948242188,SPY
2024-07-23,545.4552612304688,SPY
2024-07-24,533.0938110351562,SPY
2024-07-25,530.316162109375,SPY
2024-07-26,536.255615234375,SPY
2024-07-29,536.5708618164062,SPY
2024-07-30,533.8523559570312,SPY
2024-07-31,542.5298461914062,SPY
2024-08-01,534.84716796875,SPY
2024-08-02,524.88916015625,SPY
2024-08-05,509.6024169921875,SPY
2024-08-06,514.3007202148438,SPY
2024-08-07,510.86309814453125,SPY
2024-08-08,522.6729125976562,SPY
2024-08-09,524.977783203125,SPY
2024-08-12,525.2536010742188,SPY
2024-08-13,533.8917236328125,SPY
2024-08-14,535.575927734375,SPY
2024-08-15,544.7559204101562,SPY
2024-08-16,545.9771728515625,SPY
2024-08-19,551.1975708007812,SPY
2024-08-20,550.30126953125,SPY
2024-08-21,552.1923828125,SPY
2024-08-22,547.8585205078125,SPY
2024-08-23,553.6796875,SPY
2024-08-26,552.3598022460938,SPY
2024-08-27,553.1182250976562,SPY
2024-08-28,549.9072875976562,SPY
2024-08-29,549.9564208984375,SPY
2024-08-30,555.2064819335938,SPY
2024-09-03,543.7808227539062,SPY
2024-09-04,542.6678466796875,SPY
2024-09-05,541.347900390625,SPY
2024-09-06,532.2369384765625,SPY
2024-09-09,538.1959228515625,SPY
2024-09-10,540.5402221679688,SPY
2024-09-11,546.0855712890625,SPY
2024-09-12,550.6853637695312,SPY
2024-09-13,553.5614624023438,SPY
2024-09-16,554.3790893554688,SPY
2024-09-17,554.6055908203125,SPY
2024-09-18,552.960693359375,SPY
2024-09-19,562.3966064453125,SPY
2024-09-20,561.4243774414062,SPY
2024-09-23,562.827392578125,SPY
2024-09-24,564.4378051757812,SPY
2024-09-25,563.19287109375,SPY
2024-09-26,565.42578125,SPY
2024-09-27,564.6058349609375,SPY
2024-09-30,566.8682861328125,SPY
2024-10-01,561.7899780273438,SPY
2024-10-02,562.0271606445312,SPY
2024-10-03,560.9996337890625,SPY
2024-10-04,566.0975952148438,SPY
2024-10-07,560.9798583984375,SPY
2024-10-08,566.285400390625,SPY
2024-10-09,570.2076416015625,SPY
2024-10-10,569.2098999023438,SPY
2024-10-11,572.618408203125,SPY
2024-10-14,577.301513671875,SPY
2024-10-15,572.8160400390625,SPY
2024-10-16,575.3056640625,SPY
2024-10-17,575.3551025390625,SPY
2024-10-18,577.5682373046875,SPY
2024-10-21,576.6197509765625,SPY
2024-10-22,576.3135375976562,SPY
2024-10-23,571.0474853515625,SPY
2024-10-24,572.282470703125,SPY
2024-10-25,572.0848388671875,SPY
2024-10-28,573.8533935546875,SPY
2024-10-29,574.7820434570312,SPY
2024-10-30,573.0432739257812,SPY
2024-10-31,561.8097534179688,SPY
2024-11-01,564.1809692382812,SPY
2024-11-04,562.9656982421875,SPY
2024-11-05,569.7730102539062,SPY
2024-11-06,583.940673828125,SPY
2024-11-07,588.455810546875,SPY
2024-11-08,591.0048217773438,SPY
2024-11-11,591.5679931640625,SPY
2024-11-12,589.7303466796875,SPY
2024-11-13,590.016845703125,SPY
2024-11-14,586.2229614257812,SPY
2024-11-15,578.7142333984375,SPY
2024-11-18,581.08544921875,SPY
2024-11-19,583.2096557617188,SPY
2024-11-20,583.4072265625,SPY
2024-11-21,586.5391235351562,SPY
2024-11-22,588.3570556640625,SPY
2024-11-25,590.3528442382812,SPY
2024-11-26,593.4353637695312,SPY
2024-11-27,591.6370849609375,SPY
2024-11-29,595.3125,SPY
2024-12-02,596.3795166015625,SPY
2024-12-03,596.6561279296875,SPY
2024-12-04,600.361083984375,SPY
2024-12-05,599.3731079101562,SPY
2024-12-06,600.50927734375,SPY
2024-12-09,597.4168701171875,SPY
2024-12-10,595.5594482421875,SPY
2024-12-11,600.1635131835938,SPY
2024-12-12,597.071044921875,SPY
2024-12-13,596.9525756835938,SPY
2024-12-16,599.5015258789062,SPY
2024-12-17,597.031494140625,SPY
2024-12-18,579.2379150390625,SPY
2024-12-19,579.0599975585938,SPY
2024-12-20,586.01513671875,SPY
2024-12-23,589.5243530273438,SPY
2024-12-24,596.076904296875,SPY
2024-12-26,596.11669921875,SPY
2024-12-27,589.8416137695312,SPY
2024-12-30,583.110595703125,SPY
